Supplementary Table S3: List of up-regulated (red) and down-regulated (green) proteins detected in the exudates of DEX-treated DD line compared to the KR line.										Protein Mascot Scores, Proteome Discoverer, FDR threshold <0.01																									Z-Score Transformed Normalized Spectral Count Scaffold (Note: For better visualization, increasing values within EACH row are highlighted with blue-white (median)-red color scale. )																									Normalized Spectral Count Scaffold																							
Accession Nr	Protein Name	_%Coverage	_# Peptides	_# PSMs	ANOVA q-value	-Log ANOVA p value	Cluster	ANOVA Significant		6h_DD	24h_DD	24h_DD	24h_DD	24h_DD	24h_DD	24h_DD	6h_DD	6h_DD	6h_DD	6h_DD	6h_DD	24h_KR	24h_KR	24h_KR	24h_KR	24h_KR	24h_KR	6h_KR	6h_KR	6h_KR	6h_KR	6h_KR	6h_KR		6h_DD	24h_DD	24h_DD	24h_DD	24h_DD	24h_DD	24h_DD	6h_DD	6h_DD	6h_DD	6h_DD	6h_DD	24h_KR	24h_KR	24h_KR	24h_KR	24h_KR	24h_KR	6h_KR	6h_KR	6h_KR	6h_KR	6h_KR	6h_KR		6h_DD	24h_DD	24h_DD	24h_DD	24h_DD	24h_DD	24h_DD	6h_DD	6h_DD	6h_DD	6h_DD	6h_DD	24h_KR	24h_KR	24h_KR	24h_KR	24h_KR	24h_KR	6h_KR	6h_KR	6h_KR	6h_KR	6h_KR	6h_KR
AT2G24940.1	AtMAPR2, MAPR2 | membrane-associated progesterone binding protein 2 | chr2:10609447-10609749 FORWARD LENGTH=100	43	5	22	0,036327869	2,468766753	Cluster upregulated DD	+		0	150,03	132,8	303,4229529	131,61	53,25	0	40,94	0	0	58,21	0	0	31,24	0	118,44	74,05	61,15	36,22	44,11	0	0	0	0		-0,2531143	1,518686	1,265571	3,5436	2,024915	0,5062286	-0,2531143	0	-0,2531143	-0,2531143	0	-0,2531143	-0,2531143	0	-0,2531143	0,7593429	0,5062286	0,2531143	0,7593429	0	-0,2531143	-0,2531143	-0,2531143	-0,2531143		0	7	6	15	9	3	0	1	0	0	1	0	0	1	0	4	3	2	4	1	0	0	0	0
AT1G21120.1	O-methyltransferase family protein | chr1:7395331-7396640 REVERSE LENGTH=373	6,7	2	7	0,020173913	3,242175471	Cluster upregulated DD	+		0	69,19663368	58,88657709	79,50488803	65,88	0	0	0	0	0	0	0	0	0	0	0	0	0	0	0	0	0	0	0		0	1,661325	2,2151	2,768875	2,768875	0	0	0	0	0	0	0	0	0	0	0	0	0	0	0	0	0	0	0		0	3	4	5	5	0	0	0	0	0	0	0	0	0	0	0	0	0	0	0	0	0	0	0
AT1G21130.1	O-methyltransferase family protein | chr1:7399170-7400470 REVERSE LENGTH=373	6,7	2	9	0,014105263	3,447473683	Cluster upregulated DD	+		0	102,3955116	57,22	79,10789251	65,88	0	0	0	0	0	0	0	0	0	0	0	0	0	0	0	0	0	0	0		0	2,513699	2,010959	2,513699	2,513699	0	0	0	0	0	0	0	0	0	0	0	0	0	0	0	0	0	0	0		0	5	4	5	5	0	0	0	0	0	0	0	0	0	0	0	0	0	0	0	0	0	0	0
AT2G36100.1	Uncharacterised protein family (UPF0497) | chr2:15159744-15160669 REVERSE LENGTH=206	7,28	1	7	0,019666667	3,222583867	Cluster upregulated DD	+		0	29,92	43,73	27,35	28,95	48,9	0	0	0	0	43,61	0	0	0	0	0	0	0	0	0	0	0	0	0		0	2,093072	2,093072	1,046536	2,093072	2,093072	0	0	0	0	2,093072	0	0	0	0	0	0	0	0	0	0	0	0	0		0	2	2	1	2	2	0	0	0	0	2	0	0	0	0	0	0	0	0	0	0	0	0	0
AT2G23120.1	Late embryogenesis abundant protein, group 6 | chr2:9842102-9842353 FORWARD LENGTH=83	44,58	5	11	0,041939394	2,352140871	Cluster upregulated DD	+		0	116,49	129,51	105,8	55,67	52,92	20,93	0	0	84,02464824	0	61,05	0	43,37	32,43	57,61	51,65	141,05	0	0	0	86,89	0	0		-0,8362561	1,39376	2,508768	1,39376	0,8362561	0,2787521	-0,2787521	-0,8362561	-0,8362561	0,2787521	-0,8362561	0,2787521	-0,8362561	0,2787521	-0,2787521	0,8362561	0,2787521	1,951264	-0,8362561	-0,8362561	-0,8362561	0,2787521	-0,8362561	-0,8362561		0	4	6	4	3	2	1	0	0	2	0	2	0	2	1	3	2	5	0	0	0	2	0	0
AT5G23840.1	MD-2-related lipid recognition domain-containing protein | chr5:8035874-8036777 FORWARD LENGTH=167	28,14	4	40	0,026347826	2,746982051	Cluster upregulated DD	+		43,01	36,23	119,825785	85,69848564	105,01	108,8521977	108,2470729	56,72592853	105,5599104	22,31	0	29,45	42,99098202	0	0	23,01	0	0	36,54	42,5	113,6249328	0	0	26,21		0,4222494	0	1,688998	1,688998	0,8444988	1,688998	2,111247	0,4222494	1,688998	-0,4222494	-0,8444988	0	0,4222494	-0,8444988	-0,8444988	0	-0,8444988	-0,8444988	0	0	0,8444988	-0,8444988	-0,8444988	0		3	2	6	6	4	6	7	3	6	1	0	2	3	0	0	2	0	0	2	2	4	0	0	2
AT3G07470.1	Protein of unknown function, DUF538 | chr3:2387291-2388343 REVERSE LENGTH=169	19,53	3	24	0,02224	3,145077583	Cluster upregulated DD	+		32,84	21,63	98,97	96,93	47,42	56,65	44,45	34,88	73,58	25,05	23,78	0	0	0	0	0	0	0	29,22	30,02	44,65	0	0	43,67		0	0	2,473261	1,978609	0	0,9893045	0,9893045	0,4946522	0,9893045	0	0	-0,9893045	-0,9893045	-0,9893045	-0,9893045	-0,9893045	-0,9893045	-0,9893045	0	0	0,9893045	-0,9893045	-0,9893045	0		2	2	7	6	2	4	4	3	4	2	2	0	0	0	0	0	0	0	2	2	4	0	0	2
AT3G20670.1	HTA13 | histone H2A 13 | chr3:7229472-7229963 FORWARD LENGTH=132	28,79	7	26	0,027416667	2,706951893	Cluster upregulated DD	+		151,1867844	55,59663368	194,1254361	213,0722649	199,6433689	124,804888	106,8921339	155,9864284	0	27,72	63,37753694	61,3032588	0	0	0	66,91	23,3	107,92	42,48	34,47	0	41,38	31,91	48,9		1,078388	0	1,437851	2,156777	2,156777	1,437851	1,078388	1,437851	-0,7189255	-0,7189255	0,3594628	0	-0,7189255	-0,7189255	-0,7189255	0,3594628	-0,3594628	1,078388	-0,3594628	-0,3594628	-0,7189255	-0,3594628	-0,3594628	0		5	2	6	8	8	6	5	6	0	0	3	2	0	0	0	3	1	5	1	1	0	1	1	2
AT1G08880.1	HTA5, H2AXA, G-H2AX, GAMMA-H2AX | Histone superfamily protein | chr1:2847144-2847676 REVERSE LENGTH=142	23,94	6	20	0,022074074	3,12273547	Cluster upregulated DD	+		147,7001767	55,59663368	99,04822137	125,2847985	146,1331583	97,96739923	70,60192054	118,7291428	0	27,72	63,66753694	70,9376784	0	0	0	45,26	0	29,64	0	0	0	0	0	57,55		1,853639	0,2648055	0,7944165	1,324028	2,38325	1,324028	0,7944165	0,7944165	-0,7944165	-0,7944165	0,7944165	0,7944165	-0,7944165	-0,7944165	-0,7944165	0,2648055	-0,7944165	-0,2648055	-0,7944165	-0,7944165	-0,7944165	-0,7944165	-0,7944165	0,2648055		5	2	3	4	6	4	3	3	0	0	3	3	0	0	0	2	0	1	0	0	0	0	0	2
AT1G51060.1	HTA10 | histone H2A 10 | chr1:18926948-18927443 FORWARD LENGTH=132	28,79	8	35	0,010571429	3,819195843	Cluster upregulated DD	+		228,8267557	109,0199505	191,4754361	194,2811982	167,1603914	183,1986324	140,2172406	205,8864284	56,46	64,78286432	83,08347906	83,6098882	21,74	40,63	54,2	79,13	74,73	125,33	68,84	32,41	42,47	52,31	60,46	74,32		1,998263	0,3996526	1,198958	1,598611	1,598611	1,998263	1,598611	1,198958	0	-0,3996526	0,3996526	0,3996526	-0,7993053	-0,7993053	0	0	-0,3996526	0,7993053	-0,3996526	-0,7993053	-0,3996526	-0,7993053	-0,3996526	0		8	4	6	7	7	8	7	6	3	2	4	4	1	1	3	3	2	5	2	1	2	1	2	3
AT4G23470.1	PLAC8 family protein | chr4:12249289-12251079 FORWARD LENGTH=255	12,94	5	45	0,037290323	2,448374497	Cluster upregulated DD	+		203,6014462	109,54	440,6972425	350,8797435	136,81	194,84	150,5461737	346,5130611	230,94	0	282,70203	95,21	0	0	0	20,04	132,28	139,18	46,02	65,25	137,644888	0	44,17	26,91		0,6143581	-0,4607686	2,457433	2,303843	0,6143581	0,9215372	0,3071791	1,535895	0,7679477	-0,9215372	0,6143581	0	-0,9215372	-0,9215372	-0,9215372	-0,7679477	0	0,1535895	-0,6143581	-0,4607686	0	-0,9215372	-0,6143581	-0,7679477		10	3	22	21	10	12	8	16	11	0	10	6	0	0	0	1	6	7	2	3	6	0	2	1
AT3G01290.1	SPFH/Band 7/PHB domain-containing membrane-associated protein family | chr3:88252-89356 REVERSE LENGTH=285	36,84	11	55	0,012	5,286447565	Cluster upregulated DD	+		93,30134596	160,6480352	167,2669125	212,17034	155,85	160,11	154,7203046	133,0203749	78,29	27,22619765	83,87509499	93,55242816	25,82	26,06	24,62	49,95585101	29,77	32,11	20,25	25,79	73,37	43,31	21,57	0		0,7838095	1,567619	0,9797618	2,939286	1,175714	0,9797618	1,567619	0,9797618	0	-0,7838095	0,3919047	0,5878571	-0,5878571	-0,5878571	-0,5878571	0,1959524	-0,3919047	-0,5878571	-0,5878571	-0,3919047	0	-0,3919047	-0,7838095	-0,7838095		8	12	9	19	10	9	12	9	4	0	6	7	1	1	1	5	2	1	1	2	4	2	0	0
AT5G43060.1	Granulin repeat cysteine protease family protein | chr5:17269784-17272117 REVERSE LENGTH=463	23,97	13	99	0,039323077	2,397557247	Cluster upregulated DD	+		259,9363162	152,71	264,7204638	389,019992	280,6142905	172,56	341,1171572	277,5234488	125,99	88,44464824	240,4138379	277,1252823	84,61	38,05	103,07	166,2893989	146,34	163,27	116,77	152,5188791	180,92	38,85966545	92,22834867	81,08		0,4392232	-0,1464078	0,7320387	1,903301	1,903301	0,4392232	2,049708	1,024854	-0,1464078	-1,171262	0,1464078	1,171262	-0,585631	-1,171262	-0,7320387	0,1464078	-0,1464078	-0,1464078	-0,7320387	0,2928155	0,4392232	-1,31767	-0,7320387	-1,171262		13	9	15	23	23	13	24	17	9	2	11	18	6	2	5	11	9	9	5	12	13	1	5	2
AT1G52740.1	HTA9 | histone H2A protein 9 | chr1:19645409-19646221 FORWARD LENGTH=134	35,07	6	24	0,031	2,606646748	Cluster upregulated DD	+		74,59339222	96,28722777	130,1868559	123,7683411	83,96739923	49,99739923	50,01752024	71,63548565	29,87	0	51,26565271	69,9298882	0	34,96	33,12	37,84	24,38	37,3	0	70,44	63,03	40,51	38,62635896	52,29932738		0,7757217	0,7757217	2,327165	2,327165	1,29287	0,2585739	0,2585739	0,7757217	-0,2585739	-1,29287	-0,2585739	0,7757217	-1,29287	-0,2585739	-0,7757217	-0,2585739	-0,2585739	-0,7757217	-1,29287	0,2585739	0,2585739	-0,7757217	-0,7757217	0,2585739		4	4	7	7	5	3	3	4	2	0	2	4	0	2	1	2	2	1	0	3	3	1	1	3
AT5G11670.1	ATNADP-ME2, NADP-ME2 | NADP-malic enzyme 2 | chr5:3754456-3758040 FORWARD LENGTH=588	24,83	22	134	0,031438596	2,568654137	Cluster upregulated DD	+		362,1751673	400,3252477	477,27	625,11	293,1784159	293,03	175,899507	244,82	169,88	102,94	258,6767652	215,77	184,3	201,79	164,68	227,79	275,15	285,8497505	68,11	205,09	237,34	123,8020818	137,97	308,7		1,516995	1,197628	1,996047	2,954149	1,516995	0,7185767	0,07984186	0,3992093	0,2395256	-0,7185767	-0,07984186	-0,07984186	-0,558893	-0,2395256	-0,3992093	-0,07984186	-0,07984186	0,558893	-0,8782605	0,07984186	0,7185767	-0,7185767	-0,558893	-0,07984186		19	17	22	28	19	14	10	12	11	5	9	9	6	8	7	9	9	13	4	10	14	5	6	9
AT4G38510.1	ATPase, V1 complex, subunit B protein | chr4:18011155-18014789 REVERSE LENGTH=487	31,62	25	141	0,028078431	2,676796022	Cluster upregulated DD	+		306,8491637	342,9153519	532,9574894	629,4761136	287,96	396,7243265	223,5951656	347,4216283	162,5082214	54,28929648	351,7544306	551,4697707	87,38049101	103,8883735	170,3830884	140,8150212	137,6	228,2232699	131,66	331,9118639	401,7453208	86,25599757	88,34953844	91,58457726		0,7638779	1,27313	1,527756	2,418947	0,8911909	0,7638779	0	0,636565	-0,509252	-1,145817	0,7638779	1,909695	-0,8911909	-0,636565	-0,509252	-0,636565	-0,509252	0,381939	-0,7638779	0	0	-0,8911909	-0,8911909	-0,7638779		16	20	22	29	17	16	10	15	6	1	16	25	3	5	6	5	6	13	4	10	10	3	3	4
AT1G76030.1	ATPase, V1 complex, subunit B protein | chr1:28534134-28536916 FORWARD LENGTH=486	34,36	26	142	0,026731707	2,79284625	Cluster upregulated DD	+		306,8491637	348,2122279	546,3274894	645,6108472	287,96	396,7243265	223,5951656	347,4216283	167,0170277	54,28929648	351,7544306	551,4697707	87,38049101	103,8883735	170,3830884	140,8150212	137,6	228,2232699	131,66	331,9118639	401,7453208	86,25599757	88,34953844	91,58457726		0,7676743	1,407403	1,407403	2,430969	0,89562	0,7676743	0	0,6397286	-0,2558914	-1,151511	0,7676743	1,919186	-0,89562	-0,6397286	-0,5117829	-0,6397286	-0,5117829	0,3838372	-0,7676743	0	0	-0,89562	-0,89562	-0,7676743		16	21	21	29	17	16	10	15	8	1	16	25	3	5	6	5	6	13	4	10	10	3	3	4
AT2G22170.1	Lipase/lipooxygenase, PLAT/LH2 family protein | chr2:9427010-9427742 REVERSE LENGTH=183	14,75	3	18	0,006909091	4,151254475	Cluster upregulated DD	+		0	41,43217824	48,92	94,24789251	45,47	37,36	84,61	0	0	0	36,81	80,54458498	0	0	0	22,04	0	0	0	0	30,08	0	0	0		0	1,624074	1,299259	2,598518	1,299259	0,6496294	2,598518	0	0	0	0,6496294	1,299259	0	0	0	0,6496294	0	0	0	0	0,6496294	0,3248147	0	0		0	5	4	8	4	2	8	0	0	0	2	4	0	0	0	2	0	0	0	0	2	1	0	0
AT5G16390.1	CAC1, CAC1A, BCCP, BCCP1 | chloroplastic acetylcoenzyme A carboxylase 1 | chr5:5361098-5363020 REVERSE LENGTH=280	10	3	21	0,021818182	3,002093347	Cluster upregulated DD	+		0	24	74,48	60,56	43,58493282	39,64	41,15128036	36,89	0	0	34,52565271	23,9	0	0	0	0	0	0	36,48	50,8	0	0	0	0		0	0,7857797	2,357339	2,357339	1,178669	0,7857797	1,571559	1,571559	0	0	1,571559	0,7857797	0	0	0	0	0	0	0,7857797	0,7857797	0	0	0	0		0	2	6	6	3	2	4	4	0	0	4	2	0	0	0	0	0	0	2	2	0	0	0	0
AT5G19860.1	Protein of unknown function, DUF538 | chr5:6714533-6715837 REVERSE LENGTH=181	9,94	3	20	0,025333333	2,922101551	Cluster upregulated DD	+		0	28,15	91,97080167	94,57479846	39,7086802	41,39593678	42,50192054	35,21123804	0	0	39,59507388	29,91	0	0	0	0	0	0	0	0	25,36	0	0	0		0	0,7378202	1,844551	3,320191	1,10673	1,10673	1,10673	1,47564	0	0	0,7378202	0,7378202	0	0	0	0	0	0	0,7378202	0	0,7378202	0	0	0		0	2	5	9	3	3	3	4	0	0	2	2	0	0	0	0	0	0	2	0	2	0	0	0
AT5G59870.1	HTA6 | histone H2A 6 | chr5:24115605-24116144 REVERSE LENGTH=150	15,33	5	17	0,023857143	3,070414594	Cluster upregulated DD	+		139,9438604	56,76217824	72,17657709	134,015785	154,8803914	64,46991043	70,60192054	89,7466784	0	27,72	47,69565271	64,91202346	0	0	0	45,26	0	29,64	0	0	0	0	0	24,27		0	0	0,9360505	2,340126	3,276177	1,404076	1,404076	1,404076	0	0	0	0	0	0	0	0	0	0	0	0	0	0	0	0		0	0	2	5	7	3	3	3	0	0	0	0	0	0	0	0	0	0	0	0	0	0	0	0
AT1G72160.1	Sec14p-like phosphatidylinositol transfer family protein | chr1:27153823-27155609 REVERSE LENGTH=490	4,29	3	5	0,026844444	2,748199272	Cluster upregulated DD	+		0	41,49768981	48,93991043	74,69493282	49,88	46,88	44,22064018	62,98	0	0	0	28,41	0	0	0	0	0	0	0	33,05	0	0	0	0		0	2,220039	2,220039	1,480026	1,480026	0,7400129	0,7400129	2,220039	0	0	0	1,480026	0	0	0	0	0	0	0	0,7400129	0	0	0	0		0	3	3	2	2	1	1	3	0	0	0	2	0	0	0	0	0	0	0	1	0	0	0	0
AT2G43910.1	ATHOL1, HOL1 | HARMLESS TO OZONE LAYER 1 | chr2:18184658-18186951 REVERSE LENGTH=227	4,85	2	5	0,003428571	4,706044565	Cluster upregulated DD	+		0	55,59217824	84,87739923	47,02	68,05657709	56,36	77,71	60,46592853	0	0	0	21,4	0	0	26,43	0	0	28,4	20,35	58,56	27,53	0	0	38,97		-0,875595	1,75119	1,75119	0,875595	1,75119	0,875595	1,75119	0,875595	-0,875595	-0,875595	-0,875595	0	-0,875595	-0,875595	0	-0,875595	-0,875595	0	0	0,875595	0	-0,875595	-0,875595	0		0	3	3	2	3	2	3	2	0	0	0	1	0	0	1	0	0	1	1	2	1	0	0	1
AT2G45820.1	Remorin family protein | chr2:18863147-18864576 REVERSE LENGTH=190	13,68	8	23	0,027052632	2,846733151	Cluster upregulated DD	+		31,77	215,9868497	139,4598848	241,2826051	109,7	153,68	57,92	61,45	0	45,08	45,77	87,28219564	34,35	0	29,60027806	25,82	0	101,04	24,33	141,85	66,41	0	0	64,57		-0,1433029	2,722755	1,289726	2,149543	0,7165144	1,00312	0,4299086	0,1433029	-0,7165144	-0,4299086	-0,1433029	0,4299086	-0,4299086	-0,7165144	-0,4299086	-0,4299086	-0,7165144	0,1433029	-0,4299086	1,862937	0,4299086	-0,7165144	-0,7165144	0,4299086		2	12	7	10	5	6	4	3	0	1	2	4	1	0	1	1	0	3	1	9	4	0	0	4
AT5G59090.1	ATSBT4.12, SBT4.12 | subtilase 4.12 | chr5:23852125-23855235 REVERSE LENGTH=736	12,09	12	17	0,004888889	4,444297524	Cluster upregulated DD	+		0	212,3660762	144,83	182,22	107,7673992	56,48	49,53	45,22	0	62,88464824	22,83	0	0	0	0	0	0	0	0	96,55	0	0	0	0		0	3,082877	1,541439	2,77459	1,233151	0,6165755	0,9248632	0,3082877	0	0,3082877	0,3082877	0	0	0	0	0	0	0	0	0,6165755	0	0	0	0		0	10	5	9	4	2	3	1	0	1	1	0	0	0	0	0	0	0	0	2	0	0	0	0
AT1G62480.1	Vacuolar calcium-binding protein-related | chr1:23128799-23129548 FORWARD LENGTH=152	75	43	157	0,004	4,728262505	Cluster upregulated DD	+		56,22	1748,729956	2004,643036	2610,023287	1060,706495	713,99	317,010267	76,36	0	106,7639447	52,27347906	385,215016	46,09049101	32,94	33,66	24,87	106,26	257,19	22,71	400,46	317,45	37,67	0	0		-0,03938957	2,599711	2,127037	2,993607	1,221077	0,7877914	0,5120644	-0,03938957	-0,1181687	0	0	0,275727	-0,03938957	-0,07877914	-0,07877914	-0,07877914	0,1181687	0,1575583	-0,07877914	0,3938957	0,1969478	-0,03938957	-0,1181687	-0,1181687		2	69	57	79	34	23	16	2	0	3	3	10	2	1	1	1	6	7	1	13	8	2	0	0
AT5G41950.1	Tetratricopeptide repeat (TPR)-like superfamily protein | chr5:16785825-16789360 FORWARD LENGTH=565	5,13	5	44	0,049641026	2,199418371	Cluster upregulated DD	+		124,62	118,3043895	158,03	126,27	91,58	153,9999104	147,19	112,48	63,6	0	88,75565271	136,58	114,6346427	29,39	146,7344449	79,04	209,5569388	186,54	117,98	106,88	104,8	38,48	30,59	84,82		0,6191392	1,857418	0,6191392	0	0	0,6191392	1,238278	0	-0,6191392	-1,238278	0	0,6191392	0,6191392	0	1,857418	0,6191392	2,476557	1,857418	0	0	0	-0,6191392	-0,6191392	0		3	5	3	2	2	3	4	2	1	0	2	3	3	2	5	3	6	5	2	2	2	1	1	2
AT3G13300.1	VCS | Transducin/WD40 repeat-like superfamily protein | chr3:4304085-4309949 FORWARD LENGTH=1344	2,31	2	2	0,047157895	2,228323161	Cluster upregulated DD	+		33,19	48,89	27,87	53,68	42,99493282	23,99	24,16	0	0	0	28,47	33,33	0	0	26,75	0	0	52,29	0	0	0	0	0	0		0,94054	1,88108	0,94054	1,88108	1,88108	0,94054	0,94054	0	0	0	0,94054	1,88108	0	0	0,94054	0	0	1,88108	0	0	0	0	0	0		1	2	1	2	2	1	1	0	0	0	1	2	0	0	1	0	0	2	0	0	0	0	0	0
AT5G54500.1	FQR1 | flavodoxin-like quinone reductase 1 | chr5:22124674-22126256 FORWARD LENGTH=204	22,55	6	100	0,0225	3,002760527	Cluster upregulated DD	+		219,28	277,9378219	162,2	371,8490435	188,82	247,4382214	219,3721339	222,28	81,81	41,15	209,75	122,8676784	224,9307365	81,92	194,29	140,59	235,81	323,33	55,76	30,62	49,42493282	0	140,31	144,91		0,302109	1,510545	-0,302109	1,510545	0,604218	0,9063269	0,302109	0,302109	-0,9063269	-1,208436	0,302109	-0,604218	0	-1,208436	0	0	0,604218	1,510545	-1,208436	-1,510545	-1,510545	-1,812654	-0,604218	-0,604218		7	11	5	11	8	9	7	7	3	2	7	4	6	2	6	6	8	11	2	1	1	0	4	4
AT2G25060.1	ENODL14, AtENODL14 | early nodulin-like protein 14 | chr2:10662308-10662930 FORWARD LENGTH=182	16,48	3	13	0,027829787	2,718941176	Cluster upregulated 6h_KR	+		0	35,94712945	0	0	0	0	0	0	0	25,74	0	0	35,31098202	0	0	46,83170203	47,2304466	0	43,66	52,61991043	49,6	0	0	67,9127714		0	0	0	0	0	0	0	0	0	0	0	0	0,4748581	0	0	0,9497162	0,9497162	0	1,899432	1,899432	2,849149	0	0	2,37429		0	0	0	0	0	0	0	0	0	0	0	0	1	0	0	2	2	0	4	4	6	0	0	5
AT5G37690.1	SGNH hydrolase-type esterase superfamily protein | chr5:14973610-14976115 REVERSE LENGTH=356	5,62	2	8	0,022153846	3,137338269	Cluster upregulated 6h_KR	+		0	0	0	0	0	0	0	0	0	0	0	0	33,17	0	0	23,34	0	0	22,81	27,82	21,79	0	28,59	32,88932738		0	0	0	0	0	0	0	0	0	0	0	0	1,812654	0	0	1,812654	0	0	1,812654	1,812654	1,812654	0	1,812654	1,812654		0	0	0	0	0	0	0	0	0	0	0	0	1	0	0	1	0	0	1	1	1	0	1	1
AT2G32300.1	UCC1 | uclacyanin 1 | chr2:13722510-13723464 FORWARD LENGTH=261	5,36	1	3	0,026666667	2,783242477	Cluster upregulated 6h_KR	+		0	0	0	0	0	0	0	0	0	0	0	0	0	0	0	0	0	0	65,08	39,98	35,45	0	0	0		0	0	0	0	0	0	0	0	0	0	0	0	0	0	0	0	0	0	3,625308	1,812654	1,812654	0	0	1,812654		0	0	0	0	0	0	0	0	0	0	0	0	0	0	0	0	0	0	2	1	1	0	0	1
AT4G37520.1	Peroxidase superfamily protein | chr4:17631704-17633060 FORWARD LENGTH=329	16,11	9	47	0,030867925	2,600427015	Cluster upregulated 6h_KR	+		44,44	57	58,74	42,45991043	0	79,53	0	76,5088928	0	42,26	84,50043718	105,62	163,9007584	131,7967471	246,4088914	154,0256499	134,8098442	134,2947985	179,6	148,86	221,829891	153,6882795	121,1690769	39,95153967		-0,4658123	-0,9316247	0	-0,4658123	-1,397437	0	-1,397437	0	-1,397437	-0,9316247	0	0	0,4658123	0	1,397437	0,4658123	0	0,4658123	1,863249	0,9316247	1,863249	1,863249	0,4658123	-0,9316247		2	1	3	2	0	3	0	3	0	1	3	3	4	3	6	4	3	4	7	5	7	7	4	1
AT1G52060.1	Mannose-binding lectin superfamily protein | chr1:19359039-19360651 REVERSE LENGTH=314	30,25	12	96	0,047626667	2,232245266	Cluster upregulated 6h_KR	+		114,1167844	59,90985155	109,13	41,98657709	34,24	88,38	38,6441869	153,6603749	0	35,01572864	73,44391624	107,9997764	171,6432734	74,47546693	120,1644449	87,59421971	149,3445005	51,79	139,21	420,2581088	183,25	116,955424	186,8682269	128,7721825		0,1039628	-0,7277398	-0,5198142	-0,7277398	-1,143591	0,3118885	-0,3118885	0,9356655	-1,559443	-0,9356655	-0,5198142	0,1039628	0,3118885	-0,9356655	0,1039628	-0,3118885	-0,1039628	-0,7277398	1,143591	3,014922	0,7277398	0,1039628	1,767368	0,1039628		8	4	5	4	2	9	6	12	0	3	5	8	9	3	8	6	7	4	13	22	11	8	16	8
AT4G22010.1	sks4 | SKU5  similar 4 | chr4:11663429-11666463 FORWARD LENGTH=541	10,91	6	19	0,026594595	2,872143715	Cluster upregulated 24h_KR	+		31,11	0	55,65	56,27739923	69,02	0	22,15	75,91097131	0	0	0	75,72	35,37	74,37697795	75,58037074	31,48	47,5	71,78	47,61	182,7898806	155,62	94,52740944	40,23635896	85,2409238		-0,6297235	-1,259447	0	0	0,6297235	-1,259447	-0,6297235	0	-1,259447	-1,259447	-1,259447	0	-0,6297235	0,6297235	0	-0,6297235	0,6297235	0	0,6297235	2,518894	1,889171	1,259447	0	0,6297235		1	0	2	2	3	0	1	2	0	0	0	2	1	3	2	1	3	2	3	6	5	4	2	3
AT1G74460.1	GDSL-like Lipase/Acylhydrolase superfamily protein | chr1:27988150-27989765 REVERSE LENGTH=366	10,11	6	44	0,01225	3,615567113	Cluster upregulated 24h_KR	+		64,19282685	0	0	0	41,15	33,41	35,15	134,31	0	0	74,41565271	85,09434507	166,4540918	125,23	163,7354171	126,0891843	137,24	156,61	0	187,3232438	188,2	148,2929121	122,0436239	197,0518476		-0,2473261	-1,236631	-1,236631	-1,236631	-0,7419784	-0,7419784	-0,7419784	0,2473261	-1,236631	-1,236631	-0,2473261	-0,2473261	1,731283	0,7419784	0,7419784	0,2473261	0,2473261	1,236631	-1,236631	1,236631	1,236631	1,236631	0,2473261	1,236631		2	0	0	0	1	1	1	3	0	0	2	2	6	4	4	3	3	5	0	5	5	5	3	5
AT1G73230.1	Nascent polypeptide-associated complex NAC | chr1:27540506-27541364 REVERSE LENGTH=165	21,21	3	10	0,041257143	2,327848185	Cluster upregulated 24h_KR	+		34,04	23,21	40,97	64,08	0	33,87	0	40,63	0	0	0	39,11	29,11	99,12	79,03	76,74	110,43	43,32	28,78	33,29	69,8	27,45	24,73	77,92		-0,4531635	-0,4531635	0,4531635	0,4531635	-1,35949	-0,4531635	-1,35949	-0,4531635	-1,35949	-1,35949	-1,35949	0,4531635	-0,4531635	1,35949	1,35949	1,35949	1,35949	0,4531635	-0,4531635	1,35949	1,35949	0,4531635	-0,4531635	0,4531635		1	1	2	2	0	1	0	1	0	0	0	2	1	3	3	3	3	2	1	3	3	2	1	2
AT3G04010.1	O-Glycosyl hydrolases family 17 protein | chr3:1036879-1039263 REVERSE LENGTH=491	9,57	8	28	0,036866667	2,470060964	Cluster upregulated 24h_KR	+		31,86	74,82217824	68,78	31,49	0	77,71	0	92,73	0	0	38,6	68,64	66,17049101	178,36	124,34	196,89	132,71	109,02	154,52	150,2	145,54	32,54	65,32417433	107,92		-0,4396332	0	0,4396332	-0,4396332	-0,8792663	0,4396332	-0,8792663	0	-0,8792663	-0,8792663	-0,4396332	0	0	1,758533	1,758533	1,3189	0,8792663	0,4396332	1,758533	2,198166	1,3189	-0,4396332	0	0,4396332		1	2	3	1	0	3	0	2	0	0	1	2	2	6	6	5	4	3	6	7	5	1	2	3
AT5G39580.1	Peroxidase superfamily protein | chr5:15847281-15849027 REVERSE LENGTH=319	4,7	1	1	0,031142857	2,574001668	Cluster upregulated 24h_KR	+		0	0	0	0	0	0	0	0	0	0	0	0	0	60,23	24,42	29,14	37,37	79,64	0	32,18	26,71	41,58724909	20,75	55,54		0	0	0	0	0	0	0	0	0	0	0	0	0	1,92261	0,6408699	1,28174	1,28174	3,20435	0	0,6408699	0,6408699	0,6408699	0,6408699	1,92261		0	0	0	0	0	0	0	0	0	0	0	0	0	3	1	2	2	5	0	1	1	1	1	3
AT2G15220.1	Plant basic secretory protein (BSP) family protein | chr2:6608689-6609366 FORWARD LENGTH=225	20	4	12	0,004	5,004464433	Cluster upregulated 24h_KR	+		0	0	0	27,29	0	0	0	0	0	0	0	0	51,8	85,75	103,5554171	121,2928324	92,92	150,47	0	57,96	24,77	51,07	60,15	82,71		-0,3700064	-0,3700064	-0,3700064	0,3700064	-0,3700064	-0,3700064	-0,3700064	-0,3700064	-0,3700064	-0,3700064	-0,3700064	-0,3700064	0,3700064	1,110019	1,850032	1,850032	1,110019	2,590045	-0,3700064	1,110019	1,110019	0,3700064	1,110019	1,110019		0	0	0	1	0	0	0	0	0	0	0	0	1	2	3	3	2	4	0	2	2	1	2	2
AT1G28400.1	"unknown protein;FUNCTIONS IN: molecular_function unknown;INVOLVED IN: biological_process unknown;LOCATED IN: endomembrane system;EXPRESSED IN: 22 plant structures;EXPRESSED DURING: 13 growth stages;BEST Arabidopsis thaliana protein match is: unknown protein (TAIR:AT2G33850.1);Has 45374 Blast hits to 18870 proteins in 668 species: Archae - 72;Bacteria - 1460;Metazoa - 1191;Fungi - 1038;Plants - 174;Viruses - 64;Other Eukaryotes - 41375 (source: NCBI BLink). | chr1:9972732-9973739 REVERSE LENGTH=335"	13,73	8	28	0,020727273	3,258743014	Cluster upregulated 24h_KR	+		0	0	0	0	0	0	0	22,35	0	0	0	0	0	287,2786479	223,11	168,43	78,71	139,45	62,27	208,11	114,86	47,42	36,62	87,67		-0,1031899	-0,1031899	-0,1031899	-0,1031899	-0,1031899	-0,1031899	-0,1031899	0,1031899	-0,1031899	-0,1031899	-0,1031899	-0,1031899	-0,1031899	3,198886	2,166987	1,960607	0,5159493	1,341468	0,3095696	0,9287088	0,5159493	0,5159493	0,1031899	0,7223291		0	0	0	0	0	0	0	1	0	0	0	0	0	16	11	10	3	7	2	5	3	3	1	4
AT4G08950.1	EXO | Phosphate-responsive 1 family protein | chr4:5740378-5741322 FORWARD LENGTH=314	9,55	4	24	0,043211268	2,296226691	Cluster upregulated 24h_KR	+		0	0	0	0	0	0	0	84,33	0	0	69,01	0	0	0	120,8	263,11	254,04	283,42	37,28	133,01	141,69	79,48	180,91	240,444873		-0,2447363	-0,2447363	-0,2447363	-0,2447363	-0,2447363	-0,2447363	-0,2447363	0,2447363	-0,2447363	-0,2447363	0,2447363	-0,2447363	-0,2447363	-0,2447363	0,7342088	1,713154	2,202626	2,692099	0,2447363	0,7342088	1,713154	0,2447363	1,223681	1,223681		0	0	0	0	0	0	0	1	0	0	1	0	0	0	2	4	5	6	1	2	4	1	3	3
AT2G43590.1	Chitinase family protein | chr2:18081592-18082749 REVERSE LENGTH=264	28,03	12	66	0,006666667	4,12652665	Cluster upregulated 24h_KR	+		0	0	66,33	36,8	43,93585855	0	0	67,47592853	0	0	70,97	51,43992444	154,3746515	119,9795558	146,4060499	579,2646681	409,9951229	412,7471176	130,0664875	138,87	89,18	98,17724909	94,01	92,06		-0,5765674	-0,5765674	-0,1441419	-0,2882837	-0,2882837	-0,5765674	-0,5765674	-0,1441419	-0,5765674	-0,5765674	0,1441419	-0,1441419	0,8648511	0,1441419	0,5765674	2,738695	2,594553	2,162128	0,2882837	0,4324256	0,1441419	-0,4324256	0,4324256	0,2882837		0	0	3	2	2	0	0	3	0	0	5	3	10	5	8	23	22	19	6	7	5	1	7	6
AT2G18980.1	Peroxidase superfamily protein | chr2:8233419-8235294 REVERSE LENGTH=323	17,65	5	21	0,046649351	2,227279232	Cluster upregulated 24h_KR	+		0	32,54	0	42,18	131,8065771	0	0	28,94	0	0	0	79,66101173	68,90065468	98,41674709	90,99406661	163,5711818	67,35725026	145,21	39,57	121,6564427	139,4747985	57,31724909	49,50417433	105,2669732		-0,8106435	0	-0,8106435	0	1,215965	-0,8106435	-0,8106435	-0,4053217	-0,8106435	-0,8106435	-0,8106435	0,4053217	-0,4053217	0,8106435	1,215965	2,431931	0,8106435	1,621287	0	1,621287	1,215965	-0,4053217	0,8106435	0,4053217		0	2	0	2	5	0	0	1	0	0	0	3	1	4	5	8	4	6	2	6	5	1	4	3
AT3G51350.1	Eukaryotic aspartyl protease family protein | chr3:19060485-19063248 REVERSE LENGTH=528	7,2	7	52	0,027	2,801494403	Cluster upregulated 24h_KR	+		123,1052774	60,5	108,9549328	104,0013511	82,13739923	65,68493282	39,15	70,21	23,53	57,89	72,36565271	107,5135944	106,3977269	125,7088602	150,8871443	156,7696275	107,4245005	196,5982214	146,3878925	201,0831094	190,0431094	91,28018667	108,6824901	65,99153967		0,543021	-1,086042	-1,086042	-0,543021	0	-1,086042	-1,629063	-1,086042	-1,629063	-1,629063	-1,086042	0	0	0	1,629063	1,086042	0,543021	1,086042	0,543021	0,543021	1,086042	0	0,543021	-1,086042		5	2	2	3	4	2	1	2	1	1	2	4	4	4	7	6	5	6	5	5	6	4	5	2
AT4G30290.1	 ATXTH19, XTH19 | xyloglucan endotransglucosylase/hydrolase 19 | chr4:14828954-14829965 REVERSE LENGTH=277	14,8	4	20	0,043945205	2,274921701	Cluster upregulated 24h_KR	+		53,66	0	44,49	34,12493282	85	0	21,29	48,45790471	38,59	0	71,28695812	37,36	89,52	72,6532004	112,24	96,6531471	86,33	108,13	35,81324376	97,82	83,15789251	42,47724909	87,08907687	121,0609238		0,5651942	-1,695583	-0,5651942	-0,5651942	0	-1,695583	-1,695583	0	0	-1,695583	-0,5651942	-0,5651942	0	0	1,130388	1,130388	0,5651942	1,130388	0	1,695583	0,5651942	-1,130388	0	1,130388		4	0	2	2	3	0	0	3	3	0	2	2	3	3	5	5	4	5	3	6	4	1	3	5
AT1G72230.1	Cupredoxin superfamily protein | chr1:27188287-27189093 FORWARD LENGTH=181	9,39	2	22	0,0064	4,161847605	Cluster upregulated 24h_KR	+		153,9046201	0	79,68	0	0	0	0	120,74	0	26,24	92,77	118,4132588	123,750982	133,2003113	111,2902781	129,6418883	89,54	45,66	51,65	70,16493282	67,94	59,44	131,8918119	196,4786548		0,5361903	-1,608571	-0,5361903	-1,608571	-1,608571	-1,608571	-1,608571	-0,5361903	-1,608571	-0,5361903	-0,5361903	0,5361903	0,5361903	0,5361903	0,5361903	0,5361903	0,5361903	-0,5361903	0,5361903	0,5361903	0,5361903	-0,5361903	1,608571	0,5361903		2	0	1	0	0	0	0	1	0	1	1	2	2	2	2	2	2	1	2	2	2	1	3	2
AT5G44130.1	 FLA13 | FASCICLIN-like arabinogalactan protein 13 precursor | chr5:17761128-17761871 FORWARD LENGTH=247	11,34	13	94	0,039125	2,402929663	Cluster upregulated 24h_KR	+		164,4193488	126,8713686	165,6397611	136,894888	169,1067974	136,0041705	133,5679092	182,2811248	279,2459058	63,62704338	126,9080905	205,4145285	327,2057134	325,9972844	197,7287894	246,6025743	387,3229445	381,174841	294,368843	489,0557726	390,5587795	134,03471	281,2049019	199,8563824		-0,4438492	-0,6657739	-0,4438492	-0,8876985	-0,4438492	-0,4438492	-0,4438492	-0,2219246	0,6657739	-1,331548	-0,8876985	0,2219246	0,4438492	1,331548	0	0,6657739	1,331548	1,331548	1,331548	2,441171	1,553472	-0,8876985	0,8876985	0		7	6	7	5	7	7	7	8	12	3	5	10	11	15	9	12	15	15	15	20	16	5	13	9
AT5G41520.1	RNA binding Plectin/S10 domain-containing protein | chr5:16609377-16610583 REVERSE LENGTH=180	6,67	1	34	0,045027027	2,261179826	Cluster upregulated 24h_KR	+		49,3	48,44	0	51,31	36,07	31	32,32	41,79	38,81	46,69	46,58	47,38	50,77	32,29	49,76	108,6584057	70,24	104,5070277	31,27	34,9	33,78	0	32,45	52,76		0	0	-1,968168	0	-0,4920419	-0,9840839	-0,9840839	0	-0,9840839	0	0	0	0,4920419	-0,9840839	0	1,476126	0,9840839	1,968168	-0,9840839	-0,9840839	-0,9840839	-1,968168	-0,9840839	0		4	4	0	4	3	2	2	4	2	4	4	4	5	2	4	7	6	8	2	2	2	0	2	4
AT1G35140.1	 PHI-1, EXL7 | Phosphate-responsive 1 family protein | chr1:12852089-12853018 FORWARD LENGTH=309	13,92	3	8	0,044333333	2,27545828	Cluster upregulated 24h_KR	+		0	0	0	0	0	0	0	0	0	34,15	0	66,05	36,4	46,19	0	79,8	88,19328141	53,56	0	0	33,96	0	0	0		0	0	0	0	0	0	0	0	0	1,100239	0	1,100239	1,100239	1,100239	0	1,100239	3,300718	2,200478	0	0	1,100239	0	0	0		0	0	0	0	0	0	0	0	0	1	0	1	1	1	0	1	3	2	0	0	1	0	0	0
AT4G20830.1	FAD-binding Berberine family protein | chr4:11155486-11157577 FORWARD LENGTH=570	9,3	7	14	0,041411765	2,348025685	Cluster upregulated 24h_KR	+		21,5	24,72	61,53315419	0	0	0	0	23,92	0	0	0	108,7498882	66,45	73,35	84,77	39,08	70,93	73,44	0	128,8755383	0	60,84087363	39,27	47,35899106		0	-0,4844521	0	0	-0,9689043	-0,9689043	-0,9689043	-0,4844521	-0,9689043	-0,9689043	-0,9689043	1,453356	0,4844521	1,453356	1,453356	0,4844521	1,453356	1,453356	0	1,937809	-0,9689043	0,9689043	0	0,4844521		2	1	2	2	0	0	0	1	0	0	0	5	3	5	5	3	5	5	2	6	0	4	2	3
AT1G11580.1	 ATPMEPCRA, PMEPCRA | methylesterase PCR A | chr1:3888730-3890649 FORWARD LENGTH=557	14,36	8	41	0,030888889	2,586786414	Cluster upregulated 24h_KR	+		0	71,84217824	0	68,38	0	0	0	0	0	0	0	73,95101173	147,4091217	159,8283735	145,5744449	199,4749134	92,47492212	118,6165771	0	39,46	44,86	157,4011971	43,36635896	80,6324365		-0,8083372	0,8083372	-0,8083372	0,1616675	-0,8083372	-0,8083372	-0,8083372	-0,8083372	-0,8083372	-0,8083372	-0,8083372	0,4850023	1,131672	1,778342	1,131672	2,101677	0,4850023	0,4850023	-0,8083372	-0,4850023	0,1616675	2,101677	-0,1616675	0,4850023		0	5	0	3	0	0	0	0	0	0	0	4	6	8	6	9	4	4	0	1	3	9	2	4
AT2G05790.1	O-Glycosyl hydrolases family 17 protein | chr2:2199450-2201293 FORWARD LENGTH=472	3,81	6	31	0,0174	3,355984963	Cluster upregulated 24h_KR	+		44,96	0	20,39	0	0	41,03	0	51,45	0	95,31	73,38	88,22	125,46	153,65	168,0837968	163,41	95,96	196,11	0	32,51	0	191,47	194,84	166,26		-0,8613568	-1,292035	-0,8613568	-1,292035	-1,292035	-0,8613568	-1,292035	0	-1,292035	0	0,4306784	0	0,4306784	0,8613568	1,292035	1,292035	0,4306784	1,292035	-1,292035	-0,4306784	-1,292035	0,4306784	0,8613568	1,292035		1	0	1	0	0	1	0	3	0	3	4	3	4	5	6	6	4	6	0	2	0	4	5	6
AT5G55180.1	O-Glycosyl hydrolases family 17 protein | chr5:22388834-22390550 FORWARD LENGTH=460	9,13	10	40	0,006	5,213393044	Cluster upregulated 24h_KR	+		44,96	0	20,39	0	0	41,03	0	59,8	0	95,31	73,38	99,24	162,23	236,1619202	211,0393832	235,43	142,39	257,53	0	78,92	0	191,47	194,84	191,52		-0,6702378	-0,938333	-0,6702378	-0,938333	-0,938333	-0,6702378	-0,938333	-0,1340476	-0,938333	-0,1340476	0,1340476	0,4021427	0,938333	1,742618	1,742618	2,010714	0,6702378	1,474523	-0,938333	0,1340476	-0,938333	0,1340476	0,4021427	1,206428		1	0	1	0	0	1	0	3	0	3	4	5	7	10	10	11	6	9	0	4	0	4	5	8
AT1G22450.1	 COX6B, ATCOX6B2 | cytochrome C oxidase 6B | chr1:7925447-7926918 FORWARD LENGTH=191	9,95	2	19	0,030836364	2,574001668	Cluster upregulated 24h_KR	+		0	0	0	56,7	0	0	0	0	0	42,54	24,78	61,47	63,56	58,22	72,56	60,36	42,33	88	0	0	0	0	22,41	0		0	0	0	1,28174	0	0	0	0	0	1,28174	1,28174	1,28174	1,28174	1,28174	1,28174	1,28174	1,28174	2,56348	0	0	0	0	1,28174	0		0	0	0	2	0	0	0	0	0	2	2	2	2	2	2	2	2	4	0	0	0	0	2	0
AT3G07195.1	RPM1-interacting protein 4 (RIN4) family protein | chr3:2288959-2290309 FORWARD LENGTH=225	8	1	27	0,012235294	3,585513149	Cluster upregulated 24h_KR	+		0	33,10663368	15,51	28,97	0	0	0	0	0	53,28	48,39	53,51	101,8407365	72,73	62,27	79,85	64,2	79,56	0	0	0	35,07	80,61	28,68		-1,046536	0	-0,5232681	0	-1,046536	-1,046536	-1,046536	-1,046536	-1,046536	0	0,5232681	0,5232681	2,093072	1,046536	1,046536	1,046536	1,046536	1,569804	-1,046536	-1,046536	-1,046536	0	1,046536	0		0	2	1	2	0	0	0	0	0	2	3	3	6	4	4	4	4	5	0	0	0	2	4	2
AT2G37170.1	" PIP2B, PIP2;2 | plasma membrane intrinsic protein 2 | chr2:15613624-15614791 REVERSE LENGTH=285"	16,49	9	104	0,041855072	2,327992904	Cluster upregulated 24h_KR	+		112,9933922	163,1680309	83,56739923	184,99	67,03	77,69	30,61	42,94	30,14	123,3008744	163,1827545	181,9627294	215,9072015	113,9667471	213,5259732	192,7166089	224,7488077	153,6441705	0	67,84	56,95	84,27	81,9	126,7389911		-0,4131422	0,8262843	-0,4131422	1,032855	-1,032855	-0,8262843	-1,239426	-1,032855	-1,445998	0	0,2065711	0,8262843	1,239426	0,2065711	1,239426	1,032855	1,85914	0,6197132	-1,652569	-1,239426	-1,032855	-0,6197132	0	0		6	12	6	13	3	4	2	3	1	8	9	12	14	9	14	13	17	11	0	2	3	5	8	8
AT5G21990.1	 TPR7 | Tetratricopeptide repeat (TPR)-like superfamily protein | chr5:7273395-7276318 FORWARD LENGTH=554	6,5	2	5	0,013111111	3,509472022	Cluster upregulated 24h_KR	+		0	0	0	0	0	0	0	0	0	0	0	0	0	23,3	61,54	0	44,81	63,09	0	0	0	0	0	0		0	0	0	0	0	0	0	0	0	0	0	0	0	2,397916	2,397916	0	2,397916	2,397916	0	0	0	0	0	0		0	0	0	0	0	0	0	0	0	0	0	0	0	2	2	0	2	2	0	0	0	0	0	0
AT5G50200.3	 WR3 | nitrate transmembrane transporters | chr5:20436308-20437535 FORWARD LENGTH=210	11,43	4	14	0,0048	4,743079451	Cluster upregulated 24h_KR	+		0	0	0	0	0	0	0	0	0	0	0	0	50,49065468	31,89	64,52	0	24,91	24,83	0	0	0	0	0	0		0	0	0	0	0	0	0	0	0	0	0	0	2,04495	2,04495	3,067424	0	1,022475	2,04495	0	0	0	0	0	0		0	0	0	0	0	0	0	0	0	0	0	0	2	2	3	0	1	2	0	0	0	0	0	0
AT3G58460.1	 ATRBL15, RBL15 | RHOMBOID-like protein 15 | chr3:21623374-21626348 REVERSE LENGTH=403	7,2	2	14	0,026769231	2,832556255	Cluster upregulated 24h_KR	+		0	21,98	0	0	0	0	0	0	0	31,64	0	25,6	0	63,09	97,13	101,31	81,99	95,1	0	0	0	0	0	79,59		0	0,7229988	0	0	0	0	0	0	0	0,7229988	0	0,7229988	0	1,445998	2,168996	1,445998	1,445998	2,891995	0	0	0	0	0	1,445998		0	1	0	0	0	0	0	0	0	1	0	1	0	2	3	2	2	4	0	0	0	0	0	2
AT5G10780.1	"CONTAINS InterPro DOMAIN/s: Uncharacterised conserved protein UCP017207, transmembrane protein 85 (InterPro:IPR016687), Protein of unknown function DUF1077 (InterPro:IPR009445);Has 30201 Blast hits to 17322 proteins in 780 species: Archae - 12;Bacteria - 1396;Metazoa - 17338;Fungi - 3422;Plants - 5037;Viruses - 0;Other Eukaryotes - 2996 (source: NCBI BLink). | chr5:3408422-3409759 FORWARD LENGTH=180"	7,22	1	7	0,023034483	3,066198318	Cluster upregulated 24h_KR	+		0	52,48663368	0	0	0	0	0	0	0	0	0	23,98	53,64049101	73,86	34,08	93,34	79,68	57,28	0	0	0	0	0	69,71		0	1,598611	0	0	0	0	0	0	0	0	0	1,598611	1,598611	1,598611	1,598611	1,598611	1,598611	1,598611	0	0	0	0	0	1,598611		0	1	0	0	0	0	0	0	0	0	0	1	1	1	1	1	1	1	0	0	0	0	0	1
AT1G14870.1	 PCR2 | PLANT CADMIUM RESISTANCE 2 | chr1:5128591-5129458 REVERSE LENGTH=152	19,08	2	4	0,007692308	4,081616531	Cluster upregulated 24h_KR	+		24,06	36,32	26,75	0	0	0	0	0	0	0	0	40,82	29,11863071	38,63773347	56,56703741	81,14502122	110,5811616	120,0216551	0	0	0	0	0	0		0,3852105	0,3852105	0,3852105	0	0	0	0	0	0	0	0	0,7704209	0,3852105	0,7704209	1,155631	2,696473	2,696473	2,311263	0	0	0	0	0	0		1	1	1	0	0	0	0	0	0	0	0	2	1	2	3	7	7	6	0	0	0	0	0	0
AT1G64760.1	O-Glycosyl hydrolases family 17 protein | chr1:24054220-24056194 REVERSE LENGTH=481	5,82	4	4	0,022470588	2,989964098	Cluster upregulated 24h_KR	+		0	0	0	0	0	0	0	0	0	0	0	0	51,17	35,16	31,07	54,01	0	112,37	0	39,47	0	0	0	0		0	0	0	0	0	0	0	0	0	0	0	0	1,16316	1,16316	1,16316	2,32632	0	3,48948	0	1,16316	0	0	0	0		0	0	0	0	0	0	0	0	0	0	0	0	1	1	1	2	0	3	0	1	0	0	0	0
AT5G12140.1	 ATCYS1, CYS1 | cystatin-1 | chr5:3923295-3923936 REVERSE LENGTH=101	15,84	1	20	0,041313433	2,350778445	Cluster upregulated 24h_KR	+		0	0	0	0	0	61,93	60,5	44,65	0	0	0	0	50,58	71,64	23,49	85,35	82,4	100,4573992	0	76,8	0	0	0	67,36		0	0	0	0	0	1,208436	1,208436	1,208436	0	0	0	0	1,208436	1,208436	0,604218	1,812654	1,812654	2,416872	0	1,208436	0	0	0	1,208436		0	0	0	0	0	2	2	2	0	0	0	0	2	2	1	3	3	4	0	2	0	0	0	2
AT2G01180.1	 ATPAP1, PAP1, LPP1, ATLPP1 | phosphatidic acid phosphatase 1 | chr2:107182-108555 REVERSE LENGTH=327	9,79	2	7	0,037650794	2,426685277	Cluster upregulated 24h_KR	+		0	0	81,07	84,81	0	0	0	0	0	0	0	30,96	31,38	0	22,93	73,6	25,58	160,95	0	0	0	0	0	0		0	0	0,8905635	1,781127	0	0	0	0	0	0	0	1,781127	1,781127	0	1,781127	1,781127	1,781127	1,781127	0	0	0	0	0	0		0	0	1	2	0	0	0	0	0	0	0	2	2	0	2	2	2	2	0	0	0	0	0	0
AT1G47200.1	 WPP2 | WPP domain protein 2 | chr1:17298181-17298723 REVERSE LENGTH=180	8,89	1	8	0,023085714	2,971987312	Cluster upregulated 24h_KR	+		0	0	87,17	83,59	0	0	0	0	0	0	0	0	0	56,33	121,7	77,53	72,55	71,21	0	0	0	0	0	0		0	0	1,516575	1,516575	0	0	0	0	0	0	0	0	0	1,516575	3,03315	1,516575	1,516575	1,516575	0	0	0	0	0	0		0	0	1	1	0	0	0	0	0	0	0	0	0	1	2	1	1	1	0	0	0	0	0	0
AT2G47550.1	Plant invertase/pectin methylesterase inhibitor superfamily | chr2:19509024-19511604 FORWARD LENGTH=560	8,75	4	13	0,0228	3,047001507	Cluster upregulated 24h_KR	+		39,58	0	0	0	35,11	24,14	0	0	0	0	20,51	0	41,55049101	45,00773347	44,3	138,18	59,29	92,35	0	0	46,89	0	23,54	35,74		0,87237	-0,29079	-0,29079	-0,29079	0,87237	0,87237	-0,29079	-0,29079	-0,29079	-0,29079	-0,29079	-0,29079	2,03553	0,29079	1,45395	2,61711	0,87237	2,03553	-0,29079	-0,29079	0,87237	-0,29079	0,29079	0,87237		2	0	0	0	2	2	0	0	0	0	0	0	4	1	3	5	2	4	0	0	2	0	1	2
AT1G66180.1	Eukaryotic aspartyl protease family protein | chr1:24647221-24648513 FORWARD LENGTH=430	11,16	5	29	0,02744	2,687603101	Cluster upregulated 24h_KR	+		91,21206713	69,08217824	111,8	70,60219769	25,69	35,04	38,81	133,18	0	0	85,76130541	80,3298882	204,2322342	143,9695994	122,7018537	64,88648043	147,049822	156,4331094	76,78	82,86	172,31	40,51	94,51	79,41910317		0,4552002	-0,9104004	0,4552002	0,4552002	-0,9104004	-0,9104004	-0,9104004	0,9104004	-1,365601	-1,365601	-0,4552002	0	2,276001	1,820801	0,9104004	0,4552002	1,365601	0,9104004	-0,4552002	-0,4552002	0,9104004	-0,9104004	0	0		4	1	4	4	1	1	1	5	0	0	2	3	8	7	5	4	6	5	2	2	5	1	3	3
AT3G51330.1	Eukaryotic aspartyl protease family protein | chr3:19053480-19056152 REVERSE LENGTH=529	3,78	2	45	0,026363636	2,767098828	Cluster upregulated 24h_KR	+		66,9	84,03	115,22	147,07	63,8	82,6	91,14	56,34	62,73	34,68	56,72	79,3	270	97,1466002	181,79	138,83	278,86	203,28	147,59	143,73	190,7278925	21,29	91,07	78,74		-0,6715508	-0,6715508	-0,6715508	0,6715508	-0,6715508	-0,6715508	0,6715508	-0,6715508	-0,6715508	-1,343102	-0,6715508	0	2,014652	0,6715508	2,014652	0	2,014652	0,6715508	0	0	1,343102	-1,343102	0	0		2	2	2	4	2	2	4	2	2	1	2	3	6	4	6	3	6	4	3	3	5	1	3	3
AT1G78860.1	D-mannose binding lectin protein with Apple-like carbohydrate-binding domain | chr1:29646168-29647499 REVERSE LENGTH=443	23,93	19	152	0,004	4,557899486	Cluster upregulated 24h_KR	+		0	87,89	274,86	271,8745297	202,0186324	128,3447985	202,5579092	49,93592853	193,75	0	51,15565271	277,9296087	586,6795153	494,93602	658,946424	353,3227024	753,5738775	881,7243971	291,1782214	745,4027471	658,2580724	140,7754151	142,242523	328,409746		-1,063947	-0,688436	-0,1877553	0,06258509	0,5632658	-0,5632658	-0,3129255	-0,8136062	-0,06258509	-1,063947	-0,8136062	0,1877553	1,940138	0,9387764	1,314287	0,9387764	1,689798	2,065308	-0,06258509	1,439457	1,063947	-0,1877553	-0,5632658	0,4380956		0	3	7	9	13	4	6	2	8	0	2	10	24	16	19	16	22	25	8	20	17	7	4	12
AT1G78850.1	D-mannose binding lectin protein with Apple-like carbohydrate-binding domain | chr1:29642072-29643397 REVERSE LENGTH=441	33,79	23	191	0,010933333	3,781682551	Cluster upregulated 24h_KR	+		0	87,89	413,99	317,8439667	224,9686324	128,3447985	202,5579092	113,9945714	193,75	0	63,29420361	277,9296087	622,618391	494,93602	663,2889516	495,4094677	828,365315	1088,154814	291,1782214	870,7081171	752,7194942	140,7754151	142,242523	553,311956		-1,047725	-0,7483749	0,2494583	0,04989166	0,2494583	-0,6485915	-0,4490249	-0,6485915	-0,2494583	-1,047725	-0,6485915	-0,04989166	1,546641	0,5488082	0,9479415	1,147508	1,646425	2,444691	-0,2494583	1,546641	1,047725	-0,3492416	-0,6485915	0,9479415		0	3	13	11	13	4	6	4	8	0	4	10	26	16	20	22	27	35	8	26	21	7	4	20
AT5G61790.1	 CNX1, ATCNX1 | calnexin 1 | chr5:24827394-24829642 REVERSE LENGTH=530	12,64	7	25	0,036067797	2,485866689	Cluster upregulated 24h_KR	+		75,44	48,55	56,19	60,9	53,39	27,68	20,77	0	0	0	0	45,79	49,19065468	96,34	82,0171301	99,87	66,27	114,3015547	37,37	52,49	89,06	44,82724909	0	44,65		0,4010476	0,4010476	-0,4010476	0,4010476	2,005238	-0,8020952	-0,8020952	-1,203143	-1,203143	-1,203143	-1,203143	0	0,8020952	1,203143	1,60419	0,8020952	0,4010476	2,005238	-0,4010476	0	0,4010476	0	-1,203143	0		4	4	2	4	8	1	1	0	0	0	0	3	5	6	7	5	4	8	2	3	4	3	0	3
AT2G21660.1	 ATGRP7, CCR2, GR-RBP7, GRP7 | cold, circadian rhythm, and rna binding 2 | chr2:9265477-9266316 REVERSE LENGTH=176	31,82	8	47	0,022451613	3,033463798	Cluster upregulated 24h_KR	+		30,14	62,56	21,66	72,67	181,3721246	0	0	0	0	60,07	0	65,26	90,17065468	86,35433346	144,3837172	223,6562942	132,66	209,47	0	166,3705369	122,75	53,25	0	87,8		0	0	-0,4097355	0,4097355	2,048678	-0,8194711	-0,8194711	-0,8194711	-0,8194711	0	-0,8194711	0	0,8194711	1,229207	1,638942	2,048678	1,229207	1,638942	-0,8194711	0,4097355	0,4097355	0	-0,8194711	0,4097355		2	2	1	3	7	0	0	0	0	2	0	2	4	5	6	7	5	6	0	3	3	2	0	3
AT2G16600.1	 ROC3 | rotamase CYP 3 | chr2:7200862-7201383 FORWARD LENGTH=173	32,37	11	65	0,027020408	2,702761699	Cluster upregulated 24h_KR	+		107,34	175,9372278	335,17	196,82	158,79	125,97	0	85,67	0	76,44464824	77,17	149,9854313	168,8087856	171,4483735	217,12	221,9287977	245,9876262	290,7986324	0	140,1	114,08	93,11	106,7	101,4557698		-0,5759608	0,1919869	0,5759608	0,1919869	0,9599345	-0,5759608	-1,343908	-0,1919869	-1,727882	-0,9599345	-0,9599345	0,1919869	0,1919869	0,1919869	0,5759608	2,111856	1,727882	0,9599345	-1,727882	-0,5759608	0,1919869	-0,9599345	-0,5759608	-0,9599345		3	5	6	5	7	3	1	4	0	2	2	5	5	5	6	10	9	7	0	3	5	2	3	2
AT1G56340.1	 CRT1, CRT1a, AtCRT1a | calreticulin 1a | chr1:21090059-21092630 REVERSE LENGTH=425	10,35	6	49	0,033517241	2,53813177	Cluster upregulated 24h_KR	+		63,09339222	63,76551157	88,47	40,89	70,89	40,89	44,16	53,16	0	20,08	43,89	109,7841579	147,6399401	130,7183735	134,3059732	220,3811818	162,3537506	295,7790918	30,34	106,04	131,77	30,32	45,9	68,7		0,3893136	-0,1946568	-0,1946568	0,3893136	0	-0,1946568	-0,3893136	-0,1946568	-0,7786272	-0,7786272	-0,3893136	0,5839704	0,3893136	0,5839704	0,973284	1,167941	1,946568	3,503822	-0,3893136	0,3893136	1,167941	-0,3893136	0	0		6	3	3	6	4	3	2	3	0	0	2	7	6	7	9	10	14	22	2	6	10	2	4	4
AT3G01190.1	Peroxidase superfamily protein | chr3:67236-68477 REVERSE LENGTH=321	42,37	24	163	0,026883721	2,77033623	Cluster upregulated 24h_KR	+		252,6274912	277,5459406	513,058413	386,2582064	408,7247906	206,56	49,93	272,0273427	48,9	40,61	183,3143497	494,1089909	481,2015309	639,6702413	702,0792879	477,7060396	387,7550581	543,1853817	430,5341117	588,1670558	497,4659981	313,9218163	374,8304101	414,2104674		-0,7842395	-0,9048918	0,7842395	0,5429351	0,9048918	-0,7842395	-1,508153	-0,9048918	-1,628805	-1,87011	-1,025544	0,06032612	-0,06032612	0,9048918	1,387501	2,111414	0,5429351	0,9048918	0,06032612	0,6635873	-0,1809784	-0,3016306	-0,1809784	0,06032612		10	9	23	21	24	10	4	9	3	1	8	17	16	24	28	34	21	24	17	22	15	14	15	17
AT5G64100.1	Peroxidase superfamily protein | chr5:25650824-25652062 REVERSE LENGTH=331	34,74	19	95	0,004	5,108638568	Cluster upregulated 24h_KR	+		98,03	99,13160894	296,329161	207,5647537	249,67105	143,72	73,61106696	134,4207792	48,96	21,16	96,21978447	200,8210133	515,4521379	280,0385191	647,3561323	362,3443564	410,0742454	587,0544794	229,94	224,41	215,85	57,44174727	214,796355	172,1984656		-0,6443022	-0,5271564	0,05857293	0,05857293	0,5271564	-0,5271564	-0,8785939	-0,6443022	-1,112886	-1,464323	-0,761448	0,1757188	1,464323	0,6443022	1,815761	1,230031	1,230031	2,40149	-0,2928646	0,5271564	-0,05857293	-1,112886	0,1757188	-0,5271564		7	8	13	13	17	8	5	7	3	0	6	14	25	18	28	23	23	33	10	17	12	3	14	8
AT4G30170.1	Peroxidase family protein | chr4:14762922-14764482 FORWARD LENGTH=325	46,15	25	263	0,016952381	3,347056278	Cluster upregulated 24h_KR	+		232,6658304	198,9041856	436,5251359	419,6525413	538,4684981	302,11	162,9036203	284,5846854	82,81	167,3839447	340,3947865	402,8607669	639,4252266	638,6845308	869,6995089	728,0210472	642,0481009	568,5231234	255,1	582,1722425	407,2225618	263,3245355	384,7753212	528,4576137		-0,2854662	-0,8563985	0,05709323	-0,1712797	0,6280255	-0,6280255	-1,084771	-1,084771	-1,76989	-1,427331	-0,6280255	0,3996526	0,5138391	1,313144	1,884077	1,884077	1,084771	0,6280255	-0,8563985	1,084771	0,3996526	-0,742212	-0,05709323	0,05709323		17	12	20	18	25	14	10	10	4	7	14	23	24	31	36	36	29	25	12	29	23	13	19	20
