Geneid	WT1	WT2	dFNR1	dFNR2
b0001	70	98	72	63
b0002	23421	33092	32156	20749
b0003	7538	10350	9596	6490
b0004	8263	11927	11042	7145
b0005	121	156	104	62
b0006	177	224	287	209
b0007	138	116	68	50
b0008	2964	3971	4211	2823
b0009	213	205	196	128
b0010	184	193	130	74
b0011	44	13	13	10
b0013	18	6	7	3
b0014	10758	14747	15432	10243
b0015	1343	1667	1549	1045
b0016	261	326	252	141
b4412	0	0	0	0
b0018	7	0	2	1
b4413	1	0	1	1
b0019	714	944	1093	704
b0020	212	260	180	152
b0021	55	48	29	23
b0022	12	7	5	6
b0023	1319	1549	1193	690
b0024	20	13	9	7
b0025	1055	1470	1114	725
b0026	10702	15035	11224	7401
b0027	581	710	613	363
b0028	479	539	523	348
b0029	635	791	824	508
b0030	70	62	65	42
b0031	1051	1469	3077	2068
b0032	2738	3540	2684	1830
b0033	6558	8270	7041	4762
b0034	436	555	112	81
b0035	161	164	37	33
b0036	48	10	9	7
b0037	98	75	53	43
b0038	90	98	49	41
b0039	162	161	113	86
b0040	68	20	14	12
b0041	38	8	5	5
b0042	61	14	11	19
b0043	55	14	8	19
b0044	27	8	2	1
b0045	66	9	12	3
b0046	79	106	85	70
b0047	331	304	303	219
b0048	168	168	173	106
b0049	327	346	374	211
b0050	194	276	248	172
b0051	704	916	910	532
b0052	619	720	693	437
b0053	2288	2843	2592	1683
b0054	3051	3842	3495	2194
b0055	352	413	275	202
b4659	97	108	106	58
b0058	122	124	133	92
b0059	718	766	900	606
b0060	249	252	230	146
b0061	55	15	9	11
b0062	132	66	63	40
b0063	125	19	28	26
b0064	129	138	168	98
b0065	116	106	133	97
b0066	161	133	135	100
b0067	394	369	386	236
b0068	418	558	535	370
b0069	248	253	195	100
b4577	2	0	0	0
b4662	0	0	0	0
b0070	224	260	163	96
b0071	2718	3581	2108	1387
b0072	6967	9444	5332	3815
b0073	6839	8958	4970	3296
b0074	6723	9047	5651	4161
b0075	19	35	14	9
b0076	36	24	28	24
b0077	2654	3341	2948	1777
b0078	784	910	774	467
b0080	1162	1362	1226	795
b0081	633	781	699	445
b0082	746	976	747	559
b0083	183	252	208	132
b0084	500	631	483	367
b0085	1252	1612	1340	890
b0086	770	982	841	569
b0087	678	885	774	526
b0088	1101	1421	1155	789
b0089	716	838	729	459
b0090	567	687	584	368
b0091	991	1183	1037	679
b0092	707	945	676	464
b0093	684	823	663	425
b0094	1667	2192	1785	1219
b0095	5800	7788	6428	4107
b0096	4714	5978	4974	3311
b0097	458	588	525	321
b0098	3009	4210	3934	2514
b0099	51	64	59	30
b0101	75	112	76	53
b0102	213	326	314	229
b0103	238	280	266	169
b0104	1272	1732	2165	1413
b0106	68	44	55	33
b0107	79	63	36	43
b0108	28	6	5	4
b0109	382	417	351	231
b0110	162	183	197	139
b0111	289	352	355	199
b0112	2809	3736	2468	1410
b0113	221	259	978	523
b0114	7420	11094	34221	22794
b0115	3687	5120	16299	10762
b0116	2678	3611	10921	6801
b0117	154	79	73	53
b0118	1797	2212	4439	2688
b0119	182	278	199	124
b0120	540	712	1040	605
b0121	762	979	1394	956
b0122	92	117	82	39
b0123	338	416	590	405
b0124	225	211	612	340
b0125	822	1034	871	548
b0126	652	833	1200	806
b0127	347	425	423	248
b0128	307	315	320	197
b0129	53	44	36	22
b0130	174	211	149	109
b0131	777	1125	896	608
b0132	156	153	128	68
b0133	1535	2092	2598	1536
b0134	1873	2456	2761	1755
b0135	28	5	5	8
b0136	11	7	1	2
b0137	14	7	7	2
b0138	16	8	3	3
b0139	78	29	18	8
b0140	17	3	6	2
b0141	11	4	2	0
b0142	99	134	75	45
b0143	2016	2454	2087	1375
b0144	90	87	83	56
b0145	1427	1634	1586	1088
b0146	292	337	400	266
b0147	95	79	96	45
b0148	516	629	535	325
b0149	1046	1267	1085	774
b0150	232	246	198	123
b0151	79	40	48	33
b0152	53	42	36	23
b0153	196	133	107	104
b0154	1076	1364	1188	861
b0155	382	452	353	248
b0156	429	631	357	207
b0157	89	91	56	41
b0158	110	124	112	98
b0159	1031	1349	1244	786
b0160	203	239	209	157
b0161	1518	1904	2355	1326
b0162	119	82	92	57
b0163	280	375	370	278
b0164	62	34	27	21
b0166	3363	4430	5674	3879
b0167	809	979	902	627
b0168	695	930	739	482
b4414	1332	1663	1387	852
b0169	7982	10452	9400	5651
b0170	5145	6564	6352	4059
b0171	1544	2139	1933	1230
b0172	2096	2582	2297	1606
b0173	328	384	361	199
b0174	874	1117	941	569
b0175	664	848	727	394
b0176	1333	1603	1412	938
b0177	5562	6695	5866	3763
b0178	3151	4069	3340	2199
b0179	3772	4938	4116	2726
b0180	960	1255	977	705
b0181	1863	2301	1966	1248
b0182	586	727	686	420
b0183	190	167	171	128
b0184	1083	1288	1224	849
b0185	1729	2045	1994	1271
b0186	378	394	532	330
b0187	104	107	104	94
b0188	345	354	343	254
b0189	108	149	131	83
b4406	308	410	367	247
b0190	184	215	180	128
b0191	93	113	115	73
b0192	207	228	261	147
b0193	55	33	26	24
b0194	4021	5332	4541	2997
b0195	146	198	181	101
b0196	267	297	288	209
b0197	4950	6183	3558	2261
b0198	1502	2024	1043	620
b0199	2195	3091	1474	894
b0200	363	439	436	274
b0201	324547	300111	402231	205659
b0202	154	180	111	63
b0203	28	42	22	12
b0204	2737754	3135676	2949116	1779186
b0205	600	866	532	407
b0206	14	35	10	8
b0207	52	79	118	74
b0208	134	143	102	85
b0209	648	857	784	512
b0210	68	78	51	26
b0211	1818	1866	1664	1103
b0212	155	210	139	96
b0213	126	173	129	127
b0214	69	98	94	68
b0215	363	527	463	302
b0216	21	39	24	6
b0217	24	7	6	3
b4586	1	0	0	1
b0218	9	0	0	1
b4503	24	15	23	6
b0219	287	331	341	188
b0220	946	1319	1696	1289
b0221	169	88	101	80
b0222	782	1034	935	568
b0223	469	543	462	286
b0224	705	909	754	454
b0225	47	52	44	18
b0226	104	131	157	102
b0227	47	16	19	21
b0228	48	42	32	25
b0229	140	43	39	46
b0230	33	16	19	13
b0231	125	109	87	60
b0232	18	27	15	9
b0233	13	8	10	4
b0234	12	9	5	9
b0235	13	0	5	0
b0236	41	26	26	23
b0237	2683	3471	3467	2129
b0238	719	877	775	466
b0239	438	491	555	343
b0240	106	120	142	100
b0241	45	21	16	7
b0242	1835	2354	1614	1050
b0243	2083	2689	1918	1278
b0244	23	22	12	4
b4626	0	3	0	4
b0245	29	18	8	6
b0246	29	17	13	5
b4504	15	5	4	2
b0247	36	19	16	4
b0248	105	108	84	64
b0249	55	38	25	23
b0250	88	89	60	36
b0251	28	13	23	9
b4627	10	2	6	6
b4628	12	5	2	1
b0252	76	46	24	23
b0253	99	75	68	49
b0254	70	44	52	26
b4587	90	99	67	42
b0256	112	148	115	78
b4690	33	32	18	16
b0258	154	162	136	90
b0259	386	482	432	286
b0260	274	295	180	121
b0261	201	233	172	99
b0262	72	38	24	22
b0263	20	12	9	2
b0264	38	40	25	17
b0265	16	21	18	6
b4708	29	36	27	19
b4505	37	58	32	28
b0266	79	79	98	52
b0267	73	7	11	13
b0268	68	15	17	19
b0269	196	44	52	59
b0270	138	39	45	37
b0271	177	95	115	79
b0272	231	295	286	196
b0273	1957	2373	3602	2302
b4688	23	20	23	12
b0274	45	44	37	23
b0275	16	22	9	7
b0276	68	58	33	30
b0277	34	36	26	11
b0278	8	8	7	3
b0279	16	4	6	1
b0280	202	194	192	110
b0281	262	353	260	191
b4629	3	1	2	3
b4694	17	12	8	6
b4695	0	0	0	0
b0283	76	32	39	32
b0284	175	74	155	89
b0285	74	35	32	32
b0286	45	13	45	23
b0287	3298	4477	2277	1402
b0288	99	114	66	30
b0289	55	59	33	28
b0290	118	93	67	48
b0291	129	68	53	44
b0292	37	17	11	5
b0293	68	55	31	24
b0294	18	13	3	1
b0295	4	6	1	4
b4506	3	4	1	1
b0296	6	7	1	4
b4671	4	0	0	2
b4630	4	0	1	0
b0297	23	2	4	3
b0298	14	21	27	12
b0299	81	56	52	29
b0300	38	23	21	16
b4631	3	1	0	1
b0301	12	2	2	4
b0303	3	5	3	2
b0304	91	80	160	112
b0305	37	31	19	6
b0306	34	30	40	22
b0307	134	131	136	83
b0308	88	77	83	61
b0310	8	1	0	1
b0311	118	52	92	60
b0312	106	80	134	111
b0313	42	40	49	43
b0314	123	79	97	54
b0315	87	73	42	35
b0316	71	49	37	26
b0317	20	15	9	2
b0318	40	35	39	15
b0319	24	7	7	5
b0320	87	29	24	16
b0321	122	53	54	53
b0323	54	19	19	13
b0324	209	218	212	145
b0325	808	1035	1653	1146
b0326	13	0	2	3
b0327	22	10	12	6
b0328	35	8	15	13
b0329	275	348	364	232
b0330	67	13	26	20
b0331	60	6	7	11
b0333	61	10	11	11
b0334	72	7	5	9
b0335	153	43	37	35
b0336	2625	3226	2362	1371
b0337	2804	3450	2825	1727
b0338	92	54	52	38
b0339	74	36	25	16
b0340	34	34	25	20
b0341	95	40	25	20
b0342	37	14	9	6
b0343	43	12	9	8
b0344	169	62	62	44
b0345	233	266	239	171
b0346	58	14	66	38
b0347	110	11	5	7
b0348	38	2	3	7
b0349	39	16	10	10
b0350	48	18	8	8
b0351	45	20	17	17
b0352	76	40	34	28
b0353	97	36	33	36
b0354	319	374	295	200
b0355	105	95	78	58
b0356	285	303	325	172
b0357	70	98	112	60
b0358	42	13	16	14
b4579	27	19	8	10
b0360	54	65	63	35
b0361	132	119	87	74
b0363	53	21	14	13
b0364	12	1	1	3
b0365	51	21	47	42
b0366	36	38	41	32
b0367	56	24	20	24
b0368	52	56	47	25
b0369	807	927	1242	795
b4580	201	188	159	96
b0372	91	69	63	41
b0373	24	41	29	15
b0375	34	19	10	10
b0376	243	256	228	185
b0377	119	152	107	63
b0378	205	216	201	164
b0379	26	20	40	27
b0380	33	44	34	28
b0381	788	992	1056	689
b0382	167	213	316	248
b0383	118	113	132	73
b0384	75	76	87	61
b0385	88	68	76	50
b0386	396	412	572	407
b0387	127	128	92	59
b0388	599	702	401	261
b0389	74	107	70	49
b0390	114	115	118	70
b0391	155	156	118	35
b0392	40	45	34	26
b0393	367	517	527	344
b0394	481	541	482	336
b0396	112	80	106	74
b0397	380	369	347	226
b0398	207	278	204	157
b0399	145	122	134	83
b0400	129	105	88	60
b0401	852	1154	1149	660
b0402	376	467	425	245
b0403	321	306	330	239
b0404	87	96	112	75
b0405	236	257	196	123
b0406	963	1134	883	536
b0407	1038	1375	1086	663
b0408	2908	3840	2756	1663
b0409	1325	1601	1242	757
b0410	93	76	60	43
b0411	1264	1501	1335	721
b0412	32	38	41	32
b0413	322	431	414	269
b0414	685	917	933	511
b0415	786	1007	869	575
b0416	731	802	634	426
b0417	352	369	368	253
b0418	256	288	247	157
b0419	501	565	768	504
b0420	910	1083	897	562
b0421	473	576	511	346
b0422	192	246	191	143
b0423	564	749	616	369
b0424	225	267	219	153
b0425	300	346	299	222
b0426	1405	1982	1758	1364
b0427	178	160	134	90
b0428	146	142	1150	585
b0429	41	66	483	268
b0430	52	63	587	369
b0431	210	228	2762	1562
b0432	85	168	1542	818
b0433	237	243	181	107
b0434	474	510	440	276
b0435	317	318	372	229
b0436	6385	7948	6428	4365
b0437	1381	2018	1622	1053
b0438	3699	4802	4519	3010
b0439	3934	5151	4834	3113
b0440	2678	3267	1834	1196
b0441	2367	2966	2315	1415
b0442	32	34	8	15
b0443	34	25	20	9
b0444	263	304	268	184
b0445	128	104	62	53
b0446	98	89	87	47
b0447	66	69	49	23
b0448	201	156	132	79
b0449	175	138	118	93
b0450	18	11	86	40
b0451	216	151	472	262
b0452	190	201	252	154
b0453	196	256	583	369
b0454	96	107	67	65
b0455	24	8	3	2
b0456	50	28	58	43
b0457	142	118	115	70
b0458	41	28	63	33
b0459	65	82	92	68
b0460	75	103	145	101
b0461	82	102	162	90
b0462	3464	3938	3534	2257
b0463	1299	1585	1319	894
b0464	80	90	80	59
b0465	840	1051	842	554
b0466	38	47	42	19
b0467	233	224	214	139
b0468	82	91	75	45
b0469	623	730	459	301
b0470	967	1062	854	614
b0471	882	1167	938	692
b0472	654	880	753	505
b0473	2038	2827	3203	2173
b0474	2991	3943	2639	1733
b0475	141	176	131	99
b0476	51	33	34	32
b0477	405	525	389	256
b0478	567	481	427	272
b0479	114	86	105	66
b0480	922	1159	969	655
b0481	188	267	185	122
b4585	14	22	8	7
b0482	119	132	116	77
b0483	156	213	156	131
b0484	1701	2473	1787	1397
b0485	2289	3776	3721	2624
b0486	1454	2233	2052	1520
b0487	427	568	511	344
b0488	297	311	309	203
b0489	251	302	360	228
b0490	138	150	132	87
b0491	99	150	131	78
b0492	798	1073	1159	716
b0493	209	266	222	125
b0494	262	245	197	122
b0495	188	219	175	115
b0496	387	345	292	174
b0497	422	235	125	144
b0498	35	31	19	15
b0499	26	20	9	9
b0501	17	4	0	3
b4632	14	10	12	6
b0502	46	44	45	29
b0503	177	182	101	74
b0504	34	19	19	8
b0505	46	46	22	25
b0506	834	1166	1003	647
b0507	100	39	44	30
b0508	28	11	10	1
b0509	28	5	11	8
b0511	38	7	3	4
b0512	69	20	26	19
b0513	65	17	22	17
b0514	103	69	65	53
b0515	84	75	73	41
b0516	83	63	54	23
b0517	34	12	6	5
b0518	79	6	10	15
b4572	100	23	21	22
b0520	44	11	11	12
b0521	91	47	39	36
b0522	1704	2158	1681	1168
b0523	1058	1443	1112	769
b0524	213	222	200	122
b0525	1766	2756	2314	1467
b0526	1163	1484	1207	777
b0527	55	40	35	22
b0528	66	51	31	23
b0529	1172	1517	1447	963
b0530	12	6	14	7
b0531	23	3	2	0
b0532	107	33	13	9
b0533	33	4	2	0
b0534	6	1	0	1
b0535	9	1	1	2
b0536	21	22	13	9
b0537	187	201	159	85
b4633	0	1	1	0
b0539	18	8	5	3
b4508	15	0	1	3
b0542	48	69	26	21
b0540	24	29	26	18
b0541	78	56	57	38
b0543	30	38	27	13
b0544	21	6	4	1
b0545	14	24	25	16
b0546	47	53	63	38
b4588	1	0	0	1
b0547	7	4	2	1
b0548	3	0	0	1
b0549	9	0	0	1
b0550	12	2	1	1
b4509	5	0	1	0
b0551	13	4	1	2
b0553	3194	3936	3444	2245
b0552	395	509	436	283
b0554	16	11	6	9
b0555	34	25	17	9
b0556	96	106	37	26
b4510	0	0	0	0
b0557	443	611	202	127
b0558	9	9	3	2
b0559	57	64	25	12
b4589	24	27	5	4
b0560	24	10	6	8
b4634	7	2	3	0
b0561	11	5	3	1
b0562	41	31	12	11
b0563	6	3	2	3
b0564	251	276	131	75
b0565	9470	14509	8004	5200
b4635	4	4	1	1
b0566	36	19	14	13
b0567	60	45	29	29
b0568	261	251	220	159
b0569	146	105	80	59
b0570	166	91	105	76
b0571	154	197	143	94
b0572	56	96	34	14
b0573	17	36	15	8
b0574	83	89	18	21
b0575	239	135	59	52
b0576	337	370	285	185
b0577	338	331	295	173
b0578	884	976	1112	666
b0579	45	35	54	28
b0580	19	10	25	9
b0581	137	130	225	141
b4700	1	2	0	0
b4415	5	8	8	4
b0582	233	291	269	192
b0583	26	13	9	3
b0584	146	92	80	46
b0585	57	10	25	10
b4511	7	2	1	1
b0586	260	128	99	78
b0587	32	5	5	3
b0588	38	13	9	1
b0589	69	19	15	9
b0590	66	9	14	12
b0591	63	9	8	8
b0592	45	23	8	7
b0593	83	7	32	12
b0594	75	20	36	19
b0595	48	32	27	11
b0596	62	43	37	25
b0597	36	27	18	9
b0598	285	194	459	311
b4512	46	41	38	56
b0599	435	453	359	247
b0600	316	320	203	170
b0601	82	76	49	34
b0602	38	20	10	12
b0603	14	6	3	1
b0604	124	158	146	87
b0605	5445	7344	7460	5425
b0606	2194	3365	2839	1889
b0607	576	664	538	371
b0608	85	95	206	124
b0610	118	141	146	113
b0611	234	266	273	171
b0612	57	25	21	18
b0613	31	9	11	12
b0614	24	15	3	4
b0615	87	6	6	10
b0616	34	8	7	14
b0617	15	3	4	3
b0618	50	11	11	3
b0619	163	156	123	78
b0620	102	149	59	33
b0621	566	642	35	29
b0622	65	59	52	32
b0623	3090	3620	2715	1569
b0624	109	142	100	66
b4581	166	175	171	109
b0627	481	631	463	319
b0628	819	1159	1736	1003
b0629	46	40	40	21
b0630	247	342	283	187
b0631	257	276	307	195
b0632	912	1189	1107	693
b0633	851	1114	945	644
b0634	477	600	512	335
b0635	350	406	304	224
b0636	216	284	219	130
b0637	348	478	388	237
b0638	82	68	59	39
b0639	191	239	191	144
b0640	350	468	455	287
b0641	755	973	792	524
b0642	4877	6487	5302	3589
b0643	351	491	581	398
b0644	59	61	77	44
b0645	16	1	1	1
b0646	40	21	17	13
b0647	10	5	4	4
b0648	20	5	5	1
b0649	84	51	38	26
b0650	62	42	22	27
b0651	111	138	114	65
b0652	102	121	172	100
b0653	87	67	139	78
b0654	81	66	167	95
b0655	340	460	1026	606
b0656	393	468	421	292
b0657	566	603	513	344
b0658	1322	2012	1585	981
b0659	363	560	489	314
b0660	1110	1562	1523	979
b0661	1090	1284	1109	742
b0662	851	1006	1059	747
b0664	9	3	6	1
b0665	65	130	100	42
b0666	74	103	84	39
b0668	145	189	147	86
b0670	198	291	214	115
b0672	272	352	236	123
b0673	713	1007	504	369
b0674	1608	2292	2209	1408
b0675	610	740	616	403
b0676	532	739	546	380
b0677	510	604	481	315
b0678	280	351	404	241
b0679	456	509	404	266
b0680	2843	3694	3113	1827
b0681	55	9	20	9
b0682	16	11	14	7
b0683	475	658	601	368
b4637	63	94	108	57
b0684	747	1111	1066	783
b0685	87	96	92	34
b0686	170	191	212	114
b0687	783	1083	971	618
b0688	2509	3320	2841	1825
b0689	23	10	10	4
b0691	14	5	4	1
b4636	6	0	0	2
b0692	104	87	81	51
b0693	82	43	31	18
b4590	2	0	0	0
b0694	66	51	42	30
b0695	460	443	384	294
b0696	52	47	52	37
b0697	157	72	80	53
b0698	84	18	16	17
b4513	3	0	1	0
b0699	355	388	261	191
b0700	420	295	186	116
b0702	9	3	3	3
b0703	98	35	36	17
b0704	13	22	12	9
b4514	4	1	3	3
b0705	29	5	7	0
b0706	15	6	3	6
b0707	79	67	108	63
b0708	208	177	212	120
b0709	309	402	337	223
b0710	1283	1641	1651	1189
b0711	893	1183	1150	946
b0712	990	1257	1293	834
b0713	450	555	573	364
b0714	143	182	105	81
b0715	165	136	56	50
b0716	44	35	21	24
b0717	13	9	9	6
b0718	107	12	13	11
b0719	12	2	2	1
b0720	1168	1572	4213	2707
b0721	16	24	108	58
b0722	29	29	135	68
b0723	176	169	788	454
b0724	62	78	272	163
b0726	1328	1594	2185	1446
b0727	839	1073	1381	921
b0728	654	748	1468	991
b0729	275	341	733	424
b0730	67	91	63	42
b0731	80	15	16	15
b0732	182	178	141	96
b0733	4151	5723	46914	30157
b0734	2943	4209	33569	21178
b4515	68	149	451	267
b0735	108	163	542	360
b0736	391	519	417	264
b0737	490	684	622	360
b0738	219	292	234	179
b0739	756	1091	876	576
b0740	4522	6226	6072	4111
b0741	4266	5638	4745	3076
b0742	1397	1955	1666	1153
b0743	4480	6019	3767	2406
b0744	470	656	488	244
b0745	814	1178	737	494
b0746	311	423	226	147
b0747	166	252	150	79
b0748	303	395	246	149
b0749	8	13	4	0
b0750	1868	3088	3546	2366
b0751	1172	1865	2163	1390
b0752	465	752	692	522
b0753	36	26	183	140
b0754	5174	7310	5242	3244
b0755	1130	1422	6233	3820
b0756	1014	1361	1256	791
b0757	458	472	471	315
b0758	170	185	235	157
b0759	312	335	455	302
b0760	359	407	491	333
b0761	174	187	175	98
b0762	59	55	43	28
b0763	175	190	116	83
b0764	100	134	85	59
b0765	250	297	255	131
b0766	279	361	290	225
b0767	1236	1669	2100	1329
b0768	65	51	31	22
b0769	20	0	0	2
b0770	63	4	1	3
b0771	113	92	77	34
b0772	1400	1847	1727	1113
b0773	216	281	323	287
b0774	295	307	198	125
b0775	461	561	421	336
b0776	373	464	325	206
b0777	196	224	154	123
b0778	147	166	115	68
b0779	908	1161	1195	737
b0780	254	294	211	153
b0781	453	600	280	178
b0782	617	844	486	292
b0783	361	605	314	234
b0784	117	158	112	70
b0785	227	318	190	128
b0786	571	698	777	509
b0787	30	14	16	11
b0788	83	49	69	46
b0789	166	176	243	153
b0790	144	143	222	160
b0791	127	69	76	61
b0792	123	90	93	63
b0793	120	95	103	60
b0794	343	348	374	239
b0795	345	396	360	229
b0796	134	139	122	80
b0797	275	305	253	149
b0798	28	34	21	18
b0799	225	170	186	102
b0800	559	726	858	568
b0801	1030	1357	2009	1330
b0802	39	52	110	76
b0803	30	22	25	20
b0804	63	48	66	29
b0805	140	64	59	44
b0806	22	17	36	14
b0807	275	349	290	176
b0808	191	141	168	105
b0809	445	530	915	636
b0810	418	528	899	664
b0811	712	849	1849	1228
b0812	2491	3470	5007	3216
b0813	81	55	44	35
b0814	4628	6471	5916	3755
b0815	127	107	91	56
b4705	14	35	43	24
b0817	184	230	281	173
b0818	83	84	90	48
b0819	1088	1327	1189	935
b0820	1047	1368	1049	686
b0821	109	76	91	53
b0822	109	134	139	79
b0823	146	82	45	44
b0824	46	28	14	12
b0825	108	112	113	62
b0826	254	318	326	166
b0827	553	637	662	399
b0828	1981	2718	2134	1440
b0829	1731	2246	1892	1293
b0830	1055	1389	1247	769
b0831	399	429	325	222
b0832	290	307	274	190
b0833	191	265	176	118
b0834	85	108	58	46
b0835	407	476	415	274
b0836	1171	1724	137	81
b0837	133	125	151	83
b0838	550	621	767	452
b0839	717	1047	1003	628
b0840	215	280	221	140
b0841	237	263	222	145
b0842	169	135	129	106
b0843	38	65	26	18
b0844	147	156	140	90
b0845	170	141	161	100
b0846	42	22	33	14
b4417	8	7	4	0
b0847	397	508	378	248
b0848	112	170	36	21
b0849	65	75	34	29
b0850	68	86	70	47
b0851	224	305	293	186
b0852	280	272	240	166
b0853	198	254	229	126
b0854	301	352	730	432
b0855	217	215	414	232
b0856	105	68	133	80
b0857	98	77	124	97
b0858	57	76	58	55
b0859	189	189	157	103
b0860	1155	1648	2009	1260
b0861	395	518	558	357
b0862	617	749	932	575
b0863	1040	1477	1560	1095
b0864	820	1094	1340	850
b0865	379	482	531	340
b0866	267	342	314	209
b0867	358	430	391	253
b0868	322	372	394	243
b0869	437	522	525	327
b0870	891	970	981	647
b0871	862	1053	1575	1110
b0872	243	281	17	28
b0873	209	213	23	22
b0874	152	177	153	70
b0875	85	95	43	19
b0876	388	460	250	158
b0877	1201	1833	799	511
b0878	307	374	328	237
b0879	480	544	502	330
b0880	853	928	1052	761
b0881	281	376	397	225
b0882	3341	4462	4188	2721
b0883	17	12	9	1
b0884	1337	1730	1033	614
b0885	135	157	200	145
b0886	456	480	984	634
b0887	519	533	1182	685
b0888	867	1131	1793	1258
b0889	1789	2242	1963	1365
b0890	2331	3022	2694	1743
b0891	343	479	474	314
b0892	412	461	467	305
b0893	4855	6458	4956	2889
b0894	3697	4869	97	51
b0895	793	1055	17	14
b0896	1134	1460	105	60
b0897	392	535	979	586
b0898	511	705	519	326
b0899	76	45	20	13
b0900	67	72	71	46
b0901	45	49	36	24
b0902	582	704	620	456
b0903	55033	80015	39302	25148
b0904	2402	3539	1482	964
b0905	1896	1893	1309	1268
b0906	114	115	141	80
b0907	10442	12493	9863	6531
b0908	2281	2985	2314	1448
b0909	42	37	32	15
b0910	1085	1453	1287	878
b0911	24048	30435	28973	17620
b0912	1042	1397	1259	878
b0913	151	80	86	60
b0914	1118	1241	1062	621
b0915	280	311	248	145
b0916	101	80	76	52
b0917	186	248	224	129
b0918	728	862	919	591
b0919	589	779	278	162
b0920	254	292	154	71
b0921	377	422	372	213
b0922	547	739	566	362
b0923	306	355	370	204
b0924	2584	3145	2808	1828
b0925	640	712	720	435
b0926	963	1397	1487	843
b0927	1005	1321	1151	716
b0928	3546	4853	4957	3124
b0929	27644	34070	11107	6238
b0930	3748	5224	3640	2244
b0931	2014	2670	2474	1516
b0932	2300	3050	3229	2195
b0933	101	80	88	54
b0934	44	7	22	15
b0935	75	26	45	25
b0936	33	7	9	8
b0937	30	20	21	7
b0938	18	19	8	14
b0939	20	2	4	2
b0940	96	48	32	18
b0941	68	49	35	29
b0942	25	14	13	8
b0943	49	28	19	13
b0944	76	78	53	31
b0945	1830	2139	687	430
b0946	399	472	290	204
b0947	402	411	314	160
b0948	798	982	859	518
b0949	707	900	800	510
b0950	153	169	171	100
b0951	305	418	415	274
b0952	111	104	120	58
b0953	1210	1820	3846	2234
b0954	1110	1453	970	657
b0955	747	870	876	498
b0956	125	151	100	92
b0957	37514	48301	39850	26159
b0958	129	143	201	100
b0959	114	125	106	65
b0960	493	565	484	307
b0961	188	213	184	102
b0962	726	924	834	591
b0963	445	625	495	340
b0964	62	49	51	29
b0965	283	335	407	251
b0966	377	418	440	295
b0967	600	745	574	420
b0968	129	142	139	112
b0969	114	124	101	79
b0970	824	981	2015	1186
b0971	5	5	4	1
b0972	7105	11250	4256	3065
b0973	9773	15031	5994	4259
b0974	3064	4809	1873	1245
b0975	2554	3871	1455	906
b0976	975	1555	551	420
b0977	2345	3683	1376	888
b0978	6822	11535	3846	2700
b0979	3646	5963	2111	1382
b4592	199	321	98	79
b0980	2234	3522	1367	1042
b0981	286	356	246	162
b0982	27	18	29	13
b0983	71	44	39	20
b0984	89	41	42	30
b0985	25	5	13	4
b0986	22	11	3	5
b0987	40	30	25	21
b4516	18	26	18	16
b0988	520	660	473	300
b0989	6	4	1	0
b0990	9	9	18	6
b0991	10	11	8	0
b4517	19	10	6	1
b0992	133	124	31	17
b0993	293	269	204	107
b0994	144	140	117	84
b0995	131	130	96	74
b0996	45	17	21	13
b0997	178	100	76	58
b0998	146	137	122	61
b0999	526	710	608	395
b1000	1989	3182	2897	2019
b1001	20	2	6	4
b1002	289	305	451	255
b1003	353	440	402	232
b1004	3036	3940	3792	2657
b4518	32	31	56	60
b1006	93	69	69	48
b1007	31	12	10	6
b1008	31	5	5	7
b1009	44	11	7	7
b1010	23	2	3	8
b1011	35	10	8	3
b1012	41	7	3	7
b1013	73	60	57	50
b1014	331	204	1458	870
b1015	493	454	375	238
b4490	43	12	19	19
b1018	44	32	19	14
b1019	73	39	42	23
b1020	32	21	42	20
b1021	12	4	13	8
b1022	40	14	8	12
b1023	51	23	15	10
b1024	134	52	61	36
b1025	99	74	63	33
b1026	85	52	65	37
b1027	16	29	29	9
b1028	9	1	0	1
b1029	13	4	4	2
b1032	10	3	3	0
b1033	487	594	789	525
b1034	572	799	687	449
b1035	484	567	455	324
b1036	158	163	147	90
b1037	120	111	233	100
b1038	29	22	74	26
b1039	26	26	58	28
b1040	72	81	215	109
b1041	24	8	16	6
b1042	83	79	71	48
b1043	9	4	1	3
b1044	14	6	12	9
b1045	152	151	151	100
b1046	172	186	218	142
b1047	70	41	36	31
b1048	1943	2403	2177	1268
b1049	1815	2301	1998	1275
b1050	697	871	995	718
b1051	1086	1491	1665	1278
b1053	81	96	58	31
b1054	248	285	143	88
b1055	92	108	187	122
b1056	27	16	69	43
b1057	27	6	20	14
b1058	8	2	0	1
b1059	620	800	785	485
b1060	173	212	143	68
b1061	68	81	69	44
b1062	2761	3282	3048	2050
b1063	166	208	214	127
b1064	600	720	1172	651
b1065	154	121	69	59
b1066	333	450	321	219
b1067	325	478	400	270
b1068	545	667	530	354
b1069	251	229	175	119
b1070	27	16	25	14
b1071	26	33	23	19
b1072	51	37	22	22
b1073	31	10	2	3
b1074	27	10	1	3
b1075	53	25	7	7
b1076	75	48	31	15
b1077	71	39	13	16
b1078	58	43	17	12
b1079	36	19	15	7
b1080	53	24	18	11
b1081	50	17	15	19
b1082	76	54	54	45
b1083	91	89	64	38
b1084	3743	4689	3309	2375
b1085	131	105	103	100
b1086	376	433	347	265
b1087	360	495	543	337
b4418	278	291	229	128
b1088	5667	6561	5076	3172
b1089	1992	2269	1586	995
b1090	1000	1219	1004	678
b1091	2056	2670	2520	1486
b1092	2904	3860	3737	2452
b1093	4958	6491	5736	3570
b1094	4222	5803	4149	2534
b1095	3910	4993	3970	2440
b1096	185	242	190	100
b1097	134	169	163	107
b1098	180	250	183	134
b1099	247	299	226	146
b1100	290	394	324	191
b1101	10189	11834	10168	6469
b1102	106	72	48	50
b1103	839	1196	1161	662
b1104	375	519	472	282
b1105	926	1190	1146	701
b1106	270	314	298	194
b1107	741	1073	908	594
b1108	708	912	683	432
b1109	359	466	4565	3251
b1110	62	100	169	143
b1111	106	179	124	83
b1112	13	31	44	28
b1113	26	30	25	21
b1114	1755	2200	2109	1407
b1115	49	9	17	8
b1116	380	405	393	243
b1117	257	355	281	155
b1118	523	628	557	345
b1119	595	665	585	360
b1120	464	599	508	326
b1121	31	20	11	12
b1122	15	6	3	1
b1123	1617	1937	1634	1057
b1124	417	560	334	225
b1125	464	564	325	230
b1126	937	1343	717	433
b1127	1574	1964	616	374
b1128	997	1295	1166	806
b1129	485	555	483	297
b1130	598	809	658	381
b1131	1566	2031	2192	1397
b1132	316	350	329	204
b1133	1040	1359	1111	679
b1134	88	121	97	71
b1135	120	130	124	78
b1136	2899	4013	6757	3997
b1137	11	2	4	2
b1138	13	9	7	13
b1139	45	47	51	36
b1140	56	22	28	22
b1141	16	15	14	9
b1143	110	139	140	71
b1144	70	97	95	57
b1145	162	207	168	89
b1146	6	1	3	4
b1147	22	12	16	16
b1148	19	6	6	8
b4692	26	10	9	4
b4693	40	22	12	13
b1150	4	2	5	2
b1151	15	4	4	1
b1152	36	15	8	12
b1153	28	5	7	5
b1154	27	11	3	4
b1155	13	12	7	8
b1156	21	19	13	9
b1157	17	3	1	0
b1158	18	4	4	3
b1159	50	47	36	26
b4519	6	2	4	4
b1160	4	3	2	1
b1161	7	6	6	3
b1162	213	242	185	160
b1163	28	25	33	17
b1164	10	2	16	22
b1165	2	2	13	5
b1166	2	0	4	3
b1167	4	0	2	3
b1168	57	13	10	18
b4520	4	2	3	3
b4491	144	158	127	74
b1171	114	145	135	94
b1172	131	183	149	121
b4593	18	18	20	18
b4594	4	3	5	2
b4521	27	14	16	12
b1174	174	189	177	119
b1175	1153	1615	1595	1103
b1176	657	789	787	481
b1177	36	53	63	48
b1178	51	57	61	49
b1179	185	297	257	146
b1180	370	408	380	232
b1181	107	144	122	82
b1182	53	50	17	15
b1183	35	50	40	32
b1184	91	86	60	36
b1185	263	317	239	139
b1186	587	624	496	287
b1187	283	336	331	189
b1188	267	292	537	345
b1189	369	490	2209	1296
b1190	175	206	916	542
b1191	358	446	357	241
b1192	263	261	269	165
b1193	403	481	397	279
b1194	98	84	86	64
b1195	49	39	49	41
b1196	11	6	5	6
b1197	151	98	189	113
b1198	676	898	861	506
b1199	386	482	424	263
b1200	446	631	596	397
b1201	173	168	124	77
b1202	266	245	221	133
b1203	758	1071	919	599
b1204	200	268	212	153
b1205	136	146	192	150
b1206	593	730	503	316
b1207	4322	6050	4819	3237
b1208	2010	2639	2084	1329
b1209	401	541	411	272
b1210	717	904	711	517
b1211	497	603	524	354
b1212	159	148	131	102
b1213	95	115	145	82
b1214	394	471	415	263
b1215	1338	1825	1855	1236
b4419	68	108	97	50
b4420	1	9	5	1
b4421	9	3	1	3
b4422	1	2	0	0
b4423	13	12	16	11
b4424	9	5	1	3
b1216	76	79	204	124
b1217	77	115	128	76
b1218	304	420	368	250
b1219	351	452	397	240
b1220	222	226	196	113
b1221	305	377	244	154
b1222	341	352	202	168
b1223	720	976	16	12
b1224	7972	12696	106	61
b1225	2738	4311	80	35
b1226	1026	1549	32	20
b1227	1047	1427	37	25
b4425	1	1	0	0
b1229	0	0	0	0
b1230	14	16	5	4
b1231	113	165	75	50
b1232	987	1551	1167	741
b1233	291	391	336	207
b1234	396	510	443	303
b1235	297	410	408	273
b1236	1189	1635	1471	1002
b1237	2424	2858	2320	1191
b1238	137	147	140	75
b4573	72	29	36	22
b1241	37056	49969	34981	22350
b1242	88	108	77	53
b1243	29134	38258	18726	11218
b1244	3686	4888	2482	1487
b1245	5579	6995	3468	2067
b1246	5159	6712	3526	2128
b1247	4488	5609	2803	1750
b1248	180	244	180	124
b1249	1001	1159	1002	652
b4595	76	74	58	29
b1250	284	320	252	166
b1251	407	470	462	288
b1252	107	135	70	62
b1253	125	138	102	73
b1254	163	182	193	106
b1255	301	377	336	229
b1256	65	60	91	47
b1257	16	17	22	15
b1258	21	19	44	22
b1259	27	26	50	40
b1260	1080	1317	1337	878
b1261	2047	2645	2952	1849
b1262	1526	2090	2027	1348
b1263	1503	2056	1774	1348
b1264	1380	1937	1795	1178
b1265	42	73	56	37
b1266	289	396	342	225
b1267	253	306	299	192
b1268	138	136	121	78
b1269	1024	1358	785	451
b1270	135	172	137	88
b1271	280	319	310	182
b1272	1045	1263	1138	669
b1273	131	163	104	68
b1274	2408	2898	2299	1369
b1275	514	609	476	280
b4522	104	135	131	108
b4523	32	47	50	27
b1276	466	520	1325	755
b1277	250	374	344	211
b1278	182	185	204	127
b1279	222	346	239	138
b1280	318	433	318	210
b1281	847	983	859	519
b1282	62	89	75	39
b1283	173	237	459	297
b1284	318	436	287	201
b4596	68	89	96	56
b1285	234	217	243	173
b4672	10	6	2	2
b1286	3146	3891	3562	2320
b1287	468	623	492	335
b1288	2452	3185	3282	2318
b1289	35	36	24	19
b1290	131	171	123	86
b1291	279	317	226	146
b1292	134	141	98	65
b1293	118	171	100	66
b1294	389	401	341	203
b1295	84	85	53	47
b1296	74	46	32	23
b1297	90	64	43	32
b1298	58	70	59	30
b1299	50	53	56	38
b1300	106	57	48	46
b1301	74	23	37	29
b1302	84	40	32	23
b1303	129	109	94	53
b1304	211	274	197	170
b1305	51	52	56	36
b1306	87	76	79	47
b1307	42	30	24	22
b1308	102	117	113	68
b1309	37	8	4	4
b1310	51	5	2	5
b1311	39	11	4	7
b1312	38	10	5	7
b1313	68	39	36	20
b1314	44	25	22	15
b1315	63	22	25	23
b1316	118	62	44	42
b1317	25	4	7	3
b4524	27	5	8	6
b1319	34	6	2	2
b1320	87	70	65	37
b1321	281	349	336	238
b1322	233	232	222	148
b1323	890	1097	854	598
b1324	977	1256	2409	1430
b1325	368	442	344	222
b1326	334	410	395	223
b4525	10	8	11	4
b4673	0	0	0	0
b1327	55	57	53	34
b1328	89	84	54	60
b1329	361	369	287	157
b1330	239	299	224	170
b1331	384	455	405	282
b1332	130	143	331	175
b1333	1602	2162	837	510
b1334	909	1135	2	0
b1335	101	89	60	38
b1336	49	21	14	18
b1337	75	44	37	29
b1338	62	15	37	21
b1339	34	15	36	15
b4426	1	5	6	2
b1340	183	194	137	102
b1341	273	306	295	180
b1342	400	467	361	262
b4699	3	10	9	2
b1343	197	219	221	132
b1344	306	344	251	192
b1345	91	90	41	36
b1346	6	1	0	0
b1347	2	0	2	0
b1348	2	2	1	4
b1349	44	30	22	16
b1350	122	73	60	43
b1351	4	4	2	0
b4526	0	2	0	0
b1352	1	7	2	0
b1353	26	26	25	8
b4527	10	7	6	5
b1355	16	15	6	8
b1356	132	154	98	63
b1357	14	26	9	6
b1358	15	7	13	9
b1359	32	15	14	14
b1360	33	29	18	11
b1361	22	27	19	20
b1362	14	9	9	1
b4528	0	0	0	0
b1363	92	62	61	33
b1365	13	4	3	1
b1366	33	4	5	7
b1368	32	29	20	8
b4570	22	7	10	2
b1370	86	86	52	34
b1372	183	83	58	51
b1373	29	11	11	8
b1374	19	14	14	5
b1375	3	0	3	2
b4638	6	12	7	7
b1376	347	421	207	147
b1377	24	6	5	5
b4427	2	2	2	3
b1378	919	1230	1173	840
b4529	740	1019	728	558
b1379	442	705	503	385
b1380	626	844	1082	663
b1381	277	269	261	158
b1382	15	31	21	10
b1383	53	50	33	20
b1384	30	19	13	11
b1385	129	104	112	70
b1386	106	52	46	21
b1387	80	16	19	19
b1388	27	5	3	3
b1389	10	1	1	2
b1390	24	5	3	2
b1391	36	9	6	3
b1392	42	14	19	13
b1393	46	15	9	6
b1394	52	12	23	9
b1395	58	34	35	26
b1396	22	15	5	5
b1397	89	51	47	39
b1398	80	56	55	27
b1399	132	188	164	116
b1400	120	137	133	86
b4674	1	0	0	0
b4492	935	1005	732	499
b1402	129	132	100	65
b1403	63	71	79	49
b1404	99	100	80	36
b1406	261	243	307	217
b1407	68	23	16	6
b1408	13	2	1	1
b1409	34	1	0	0
b1410	77	39	28	27
b1411	100	99	56	37
b1412	243	308	341	214
b1413	1062	1355	1070	769
b1414	261	325	337	240
b1415	109	86	250	158
b4493	1887	2702	2233	1286
b1418	146	210	418	239
b4597	18	29	42	36
b1419	107	137	53	27
b4428	20	27	8	7
b1420	35	40	16	18
b4429	4	3	4	0
b1421	110	75	58	31
b1422	49	27	39	23
b1423	115	54	75	52
b1424	562	671	483	325
b1426	40	43	44	26
b1427	109	169	111	75
b1428	157	190	159	132
b1429	197	189	130	149
b1430	147	163	155	120
b1431	202	238	280	173
b4578	34	32	35	38
b1432	214	234	222	128
b1433	68	58	49	33
b1434	67	52	26	37
b1435	626	761	597	367
b1436	31	18	21	16
b4532	38	42	43	31
b1438	45	69	55	30
b1439	147	141	157	117
b1440	62	60	110	79
b1441	51	16	56	40
b1442	48	25	27	28
b1443	38	25	81	48
b1444	253	276	485	306
b4598	91	114	76	41
b1445	12	7	30	19
b1446	309	338	230	181
b1447	181	227	151	121
b1448	573	800	530	327
b1449	376	420	705	451
b1450	23	15	30	13
b1451	92	30	63	47
b1452	49	62	76	55
b1453	120	93	57	38
b1454	51	37	66	48
b1455	3	1	1	1
b1456	139	42	35	42
b1457	7	7	3	2
b1459	26	6	6	5
b1460	25	14	3	8
b1461	65	76	81	57
b1462	87	111	119	90
b1463	112	102	80	67
b1464	279	307	321	187
b1465	69	39	63	45
b1466	40	29	65	31
b1467	150	97	183	127
b1468	292	197	437	230
b1469	72	31	128	81
b1471	13	1	1	2
b1472	9	0	0	1
b1473	126	138	99	66
b1474	135	84	42	28
b1475	55	25	18	12
b1476	34	33	16	12
b1477	66	124	85	67
b1478	160	166	619	404
b1479	990	1309	1638	1043
b1480	166	160	268	161
b1481	6	7	49	31
b1482	712	969	1877	1429
b1483	139	151	248	191
b1484	56	32	35	14
b1485	48	23	21	11
b1486	31	13	10	10
b1487	47	13	23	15
b1488	22	3	6	3
b1489	129	73	105	69
b1490	90	67	84	52
b1491	239	305	242	150
b1492	10299	14359	20174	12119
b1493	14138	20115	28648	18920
b1494	105	54	48	36
b1495	70	28	27	21
b1496	27	4	3	0
b1497	17	3	6	0
b1498	50	23	29	20
b1499	10	7	2	7
b1500	1	0	0	0
b1501	140	82	86	64
b1502	20	4	1	2
b1503	15	3	2	2
b1504	16	1	3	3
b1505	33	7	4	4
b1506	4	3	0	2
b1507	181	206	155	104
b1508	35	40	32	24
b4696	700	744	644	411
b1511	109	79	71	50
b1512	113	126	84	64
b1513	60	18	20	30
b1514	49	14	19	14
b1515	26	11	18	10
b1516	43	29	44	34
b1517	54	50	41	36
b1518	17	12	12	7
b1519	159	178	200	131
b1520	103	109	157	95
b1521	107	71	37	24
b1522	81	83	46	37
b1523	92	113	80	64
b1524	302	372	228	168
b1525	238	267	207	167
b1526	126	139	107	65
b1527	25	11	10	6
b1528	218	214	264	184
b1529	137	145	141	94
b1530	37	30	23	28
b1531	40	48	81	43
b1532	35	36	32	24
b1533	202	214	251	152
b1534	95	53	75	48
b4599	28	25	13	8
b4698	7	5	2	2
b1535	81	70	73	58
b1536	39	35	113	67
b1537	73	73	89	41
b1538	1123	1561	2134	1308
b1539	2014	2571	2364	1443
b1540	355	454	386	189
b1541	6861	9056	19	5
b1542	232	302	30	22
b4600	31	17	9	6
b1544	6	0	0	2
b1545	25	18	13	14
b1546	18	24	9	8
b1547	32	19	8	5
b1548	17	5	11	7
b4533	9	5	0	0
b1549	5	1	2	3
b1550	54	75	43	32
b1551	0	0	0	0
b1552	4	3	1	0
b1553	7	0	1	0
b4689	0	0	0	0
b1554	22	0	8	3
b1555	9	3	0	0
b1556	4	0	0	1
b1557	12	13	8	6
b1558	19	19	12	11
b1559	43	46	47	23
b1560	30	9	6	5
b1561	21	12	5	5
b1562	51	64	48	38
b1563	118	174	183	133
b1564	176	262	240	168
b1565	20	28	19	19
b1566	2	2	6	2
b1567	3	3	1	0
b1568	3	8	2	1
b1569	8	2	1	0
b1570	137	178	153	89
b1571	7	4	8	0
b1572	2	6	5	0
b1573	17	10	8	7
b1574	0	1	0	0
b1575	1	0	0	3
b1576	2	1	0	0
b1577	15	16	8	12
b1578	85	71	64	37
b1579	21	13	14	6
b1580	29	13	13	3
b1581	41	21	13	15
b1582	74	67	42	40
b1583	254	335	262	146
b1584	179	258	171	134
b1585	165	199	121	109
b1586	54	52	95	61
b1587	1130	1385	58	54
b1588	2367	3124	114	79
b1589	482	638	26	25
b1590	621	878	89	53
b1591	338	421	108	79
b1592	268	257	63	50
b1593	885	1144	76	42
b1594	309	383	261	126
b1595	82	70	61	38
b1596	137	139	84	41
b1597	25	20	19	10
b4601	3	5	2	1
b1598	204	251	201	155
b1599	17	20	9	8
b1600	11	2	4	0
b1601	118	99	70	43
b1602	8189	10283	8739	5523
b1603	9789	12037	10455	6657
b1604	1337	1790	1644	1066
b1605	139	132	101	60
b1606	166	195	157	111
b1607	61	71	79	65
b1608	327	397	216	123
b1609	254	327	194	112
b1610	103	94	110	65
b1611	114	77	111	76
b1612	150	174	370	289
b1613	850	1169	1124	719
b1614	1154	1516	1508	878
b1615	40	14	2	5
b1616	27	7	4	4
b1617	68	31	19	17
b1618	124	128	122	60
b1619	585	727	926	605
b1620	105	90	66	51
b1621	144	149	102	58
b1622	222	268	242	131
b1623	185	173	166	114
b1624	553	706	818	496
b4409	118	173	55	43
b1625	64	97	65	38
b1626	128	202	110	100
b1627	88	118	69	56
b1628	107	122	77	47
b1629	362	381	308	214
b1630	128	137	106	73
b1631	106	110	86	39
b1632	76	81	60	43
b1633	58	60	44	26
b1634	329	424	336	220
b1635	389	459	648	403
b1636	508	620	429	286
b1637	3044	4121	3016	1838
b1638	700	969	774	487
b1639	31	39	40	37
b1640	309	338	341	211
b1641	3078	4073	3007	1812
b1642	538	662	598	421
b1643	22	24	9	14
b1644	59	39	39	23
b1645	151	141	150	95
b1646	114	163	201	154
b1647	520	562	733	448
b1648	31	27	32	16
b1649	48	34	52	23
b1650	207	210	175	129
b1651	329	358	308	224
b1652	189	202	135	73
b1653	624	523	507	327
b1654	379	479	730	576
b1655	144	149	154	84
b1656	3462	4432	15133	8515
b1657	137	118	216	151
b4602	9	10	45	24
b1658	1225	1608	988	732
b1659	200	258	168	117
b1660	120	101	109	71
b1661	4786	7084	7332	4543
b1662	785	1055	881	611
b1663	491	601	424	243
b1664	1309	1611	1653	1116
b1665	6	10	6	5
b1666	10	3	4	8
b1667	249	366	328	224
b1668	268	352	426	268
b1669	87	66	56	50
b1670	50	46	28	18
b1671	67	53	25	19
b1672	69	70	33	20
b1673	159	120	19	18
b1674	58	61	2	5
b1675	57	66	47	33
b1676	6910	9346	8575	5410
b1677	37225	41329	22181	13756
b1678	490	617	768	496
b1679	40	40	54	33
b1680	251	282	339	260
b1681	284	369	470	372
b1682	129	179	183	151
b1683	284	402	464	348
b1684	73	86	150	98
b4430	0	0	1	0
b1685	254	336	284	172
b1686	374	519	460	272
b1687	4625	6030	5006	3123
b1688	641	721	558	443
b4431	1	1	1	0
b1689	12	7	3	1
b1690	23	8	5	4
b1691	28	2	4	1
b1692	40	56	41	36
b1693	292	368	313	191
b1694	44	13	7	10
b1695	47	17	12	6
b1696	57	62	52	28
b1697	40	21	19	9
b1698	56	31	25	29
b1699	80	31	24	26
b1700	8	9	2	2
b1701	51	37	36	28
b1702	1357	1681	3002	1847
b1703	171	194	270	170
b1704	615	842	687	418
b1705	16	19	20	11
b1706	157	117	143	112
b1707	54	42	54	40
b1708	320	374	317	214
b1709	285	362	278	209
b1710	344	385	477	271
b1711	188	174	166	105
b1712	808	1004	763	452
b1713	6766	8608	8164	5231
b1714	1936	2456	2387	1577
b1715	19	20	14	12
b1716	3737	4419	3169	1799
b1717	6793	9143	6691	4361
b1718	9974	13753	9670	6272
b1719	7795	10920	8251	5264
b4494	38	9	4	4
b4535	22	24	18	13
b1722	110	133	101	62
b1723	757	1058	963	594
b1724	285	418	473	259
b1725	574	746	726	517
b1726	167	179	165	97
b1727	196	223	217	116
b1728	17	6	6	4
b1729	4311	6125	4470	3030
b1730	128	183	150	89
b1731	39	30	15	13
b1732	1368	1683	3444	2247
b1733	126	135	113	60
b1734	100	62	70	33
b1735	27	44	29	14
b1736	28	32	29	15
b1737	70	31	21	15
b1738	8	8	8	5
b1739	1201	1563	1906	1347
b1740	1114	1475	1346	870
b1741	101	104	96	54
b1742	41	20	16	13
b1743	35	44	64	42
b1744	46	12	8	9
b1745	55	23	19	18
b1746	73	26	17	21
b1747	46	7	10	4
b1748	71	13	20	18
b1749	328	381	411	277
b1750	203	230	16	8
b1751	505	590	22	10
b1752	280	325	30	22
b1753	222	246	60	42
b1754	545	593	126	97
b1755	273	306	54	36
b1756	94	100	31	31
b1757	2088	2547	115	88
b1758	126	138	83	62
b1759	73	65	51	46
b1760	35	35	24	18
b1761	8157	9837	17254	9896
b1762	149	187	303	169
b1763	671	824	808	541
b1764	1017	1365	1295	900
b1765	340	455	794	448
b1766	582	688	665	458
b1767	373	441	396	232
b1768	206	300	262	164
b1769	51	26	17	17
b1770	65	56	46	33
b1771	54	43	38	22
b1772	33	18	15	7
b1773	28	25	23	6
b1774	49	10	22	6
b1775	50	11	22	9
b1776	69	43	35	21
b1777	53	50	105	71
b1778	73	84	259	186
b1779	40388	52596	32140	21735
b1780	686	779	458	307
b1781	190	232	125	73
b1782	1302	1667	1428	867
b1783	822	1035	1979	1324
b1784	215	217	454	253
b1785	36	26	6	5
b1786	105	77	89	57
b1787	271	335	313	205
b1788	68	76	84	50
b1789	87	83	60	36
b1790	91	92	69	45
b1791	85	60	55	34
b1792	137	195	128	116
b1793	67	81	57	38
b1794	177	276	283	130
b4676	1	4	4	1
b4675	8	3	3	6
b1795	650	776	720	506
b1796	6	3	3	3
b1797	9	8	8	4
b1798	50	42	59	33
b1799	174	175	155	110
b1800	108	107	137	81
b1801	67	12	9	12
b1802	44	9	13	17
b1803	47	31	21	11
b1804	225	252	222	115
b1805	191	184	107	77
b1806	232	290	257	146
b1807	340	404	319	222
b1808	302	341	262	205
b1809	432	627	565	346
b1810	69	83	133	68
b1811	103	103	75	51
b1812	270	296	268	168
b1813	180	226	192	124
b1814	321	395	366	235
b1815	99	92	94	53
b1816	441	461	468	293
b1817	2964	3574	4792	2962
b1818	4234	5097	6826	4240
b1819	2967	3517	4450	2886
b1820	48	50	70	35
b1821	52	33	44	34
b1822	141	179	171	86
b1823	889	933	893	474
b1824	2376	3094	2751	1679
b1825	140	210	99	70
b1826	107	126	57	40
b4536	64	70	53	31
b1827	602	840	654	461
b1828	82	40	18	17
b1829	998	1273	991	702
b1830	2523	3497	2448	1424
b1831	1982	2772	2154	1522
b1832	697	910	795	537
b1833	123	128	121	97
b1834	439	450	486	342
b1835	169	187	208	118
b1836	424	543	779	431
b1837	60	61	55	44
b1838	89	67	60	52
b4432	51	60	72	33
b4433	43	52	63	33
b1839	82	74	124	100
b1840	194	189	626	349
b1841	107	136	342	172
b1842	141	144	126	91
b1843	107	131	127	75
b1844	281	314	244	192
b1845	242	285	318	199
b1846	101	85	85	52
b1847	234	266	776	498
b1848	161	208	156	136
b1849	1259	1596	1651	1011
b1850	1415	1881	1680	946
b1851	777	965	772	535
b1852	1663	2311	2487	1737
b1853	399	458	271	164
b1854	8809	11481	2722	1642
b1855	386	502	464	301
b1856	392	450	430	300
b1857	211	261	254	148
b1858	166	225	140	112
b1859	199	273	184	98
b1860	524	612	530	359
b1861	177	240	198	152
b4677	1	1	0	0
b1862	47	32	24	16
b1863	455	517	368	284
b1864	2000	2574	1801	1256
b1865	711	988	735	496
b1866	4277	5796	4039	2770
b1867	225	279	285	212
b1868	59	90	80	61
b1869	275	329	257	183
b1870	247	284	256	165
b1871	305	400	366	236
b1872	145	97	70	65
b1873	39	12	4	6
b1874	337	382	324	207
b1875	210	217	207	128
b1876	1932	2213	1840	1301
b1877	14	6	6	3
b1878	21	13	11	1
b1879	155	87	85	65
b1880	49	12	8	8
b1881	45	37	42	15
b1882	32	34	33	26
b1883	61	20	22	9
b1884	32	14	11	6
b1885	72	20	7	17
b1886	82	14	12	13
b1887	27	11	21	9
b1888	102	45	32	24
b1889	31	18	6	5
b1890	33	12	8	4
b1891	61	84	33	25
b1892	70	107	59	38
b1893	27	26	16	8
b1894	10	11	8	4
b1895	161	167	223	134
b1896	566	709	1198	819
b1897	329	396	662	429
b4460	104	79	86	46
b1900	90	57	37	30
b1901	45	15	18	8
b1902	86	113	93	56
b4537	40	47	67	14
b4663	7	7	5	5
b1904	14	11	6	6
b1905	703	934	1795	1085
b1906	126	188	72	51
b1907	243	254	215	119
b1908	460	602	462	325
b1909	13	14	5	12
b1910	99	146	68	37
b1911	538	701	300	218
b1912	285	332	283	169
b1913	718	989	850	510
b1914	708	867	536	400
b1915	52	29	18	9
b1916	89	80	39	31
b1917	353	440	375	240
b1918	285	383	343	204
b1919	699	967	825	539
b1920	2673	3602	3189	2072
b1921	30	18	18	11
b1922	44	24	8	7
b1923	253	372	233	129
b1924	64	32	23	12
b1925	22	13	7	7
b1926	8	7	9	5
b1927	507	686	870	632
b1928	431	529	407	296
b1929	1092	1347	437	267
b1930	52	67	21	14
b1931	45	34	32	26
b1932	41	33	71	55
b4495	10	0	1	1
b1936	10	8	7	2
b1937	21	17	12	6
b1938	71	7	11	13
b1939	52	30	18	12
b1940	47	15	2	6
b1941	72	13	13	6
b1942	18	3	4	2
b1943	67	26	23	17
b1944	20	13	2	6
b1945	44	15	11	9
b1946	24	2	5	3
b1947	20	2	1	0
b1948	20	2	7	8
b1949	18	6	2	2
b1950	21	16	5	12
b1951	41	22	40	23
b1952	48	50	38	24
b1953	98	103	166	116
b1954	12	23	22	19
b1955	181	183	267	194
b1956	279	297	296	174
b1957	148	169	226	137
b1958	441	508	456	284
b1959	73	36	34	37
b1960	64	46	37	43
b1961	492	595	517	312
b1962	217	320	233	167
b1963	109	170	95	76
b4603	2	0	0	0
b4496	92	94	56	49
b1967	196	321	582	377
b1968	64	48	58	24
b1969	70	66	76	38
b1970	10	5	7	6
b1971	152	110	151	117
b1972	33	35	43	25
b1973	16	13	9	6
b1974	50	57	105	53
b1975	6	3	5	4
b1976	235	331	349	199
b1977	16	10	4	3
b1978	433	352	295	198
b4497	26	7	7	6
b1981	363	389	355	203
b1982	554	656	991	583
b1983	485	588	474	321
b1984	8	1	2	0
b1985	154	147	112	81
b1986	11	11	5	2
b1987	172	204	138	97
b1988	51	39	111	76
b1989	6	1	1	0
b1990	180	197	219	118
b1991	397	511	376	212
b1992	355	442	310	189
b1993	150	177	128	80
b4639	7	6	1	0
b1994	296	295	279	177
b4640	63	54	48	40
b4641	51	71	108	51
b4582	60	54	65	31
b1996	124	136	123	96
b1997	59	89	70	35
b1999	48	42	43	34
b4435	8	9	74	29
b2000	1196	1426	21196	13710
b2001	101	81	564	380
b2002	29	20	31	21
b2003	23	17	15	8
b2004	25	19	7	4
b2005	16	5	6	2
b2006	30	25	18	14
b4642	7	7	8	1
b4538	20	15	5	7
b2007	1382	1731	1777	1104
b2008	201	230	249	122
b2009	236	267	308	174
b2010	105	81	78	53
b2011	322	424	380	238
b2012	218	254	154	97
b2013	1042	1235	1234	714
b2014	743	839	845	523
b4678	28	38	40	22
b2015	94	81	82	51
b2016	825	1030	870	531
b4539	65	89	75	57
b2017	155	188	156	104
b2018	37	31	18	20
b2019	781	919	1280	857
b2020	957	968	1360	932
b2021	750	900	1143	809
b2022	1198	1384	1703	1124
b2023	515	609	738	522
b2024	707	798	978	621
b2025	531	635	756	487
b2026	473	488	651	395
b2027	1734	2091	1647	960
b2028	178	193	278	182
b2029	8379	10798	11026	7123
b4571	291	387	348	213
b2030	390	447	395	258
b2032	196	302	276	166
b2033	286	430	398	219
b2034	354	515	468	232
b2035	222	335	308	180
b2036	554	866	779	452
b2037	286	394	384	211
b2038	241	321	295	154
b2039	665	913	818	486
b2040	631	869	743	408
b2041	785	1144	1070	636
b2042	2155	2888	2599	1675
b2043	56	48	34	20
b2044	76	46	32	24
b2045	72	29	24	13
b2046	55	13	23	12
b2047	73	8	16	16
b2048	64	12	21	14
b2049	77	22	32	24
b2050	57	12	11	15
b2051	17	5	8	5
b2052	57	27	18	13
b2053	42	19	28	25
b2054	14	2	0	7
b2055	23	1	3	4
b2056	27	7	7	1
b2057	45	13	7	10
b2058	18	5	7	6
b2059	30	5	6	9
b2060	75	11	12	13
b2061	21	2	5	4
b2062	37	8	8	8
b2063	436	514	576	370
b2064	545	690	491	350
b2065	888	1126	736	556
b2066	434	595	395	255
b2067	301	223	355	203
b2068	136	114	124	88
b2069	143	97	116	50
b2070	124	77	52	31
b2071	18	1	1	2
b2072	36	12	5	6
b2073	35	18	14	7
b4436	6	2	8	5
b4667	2	0	0	2
b4437	15	6	14	10
b4668	0	4	3	3
b2074	143	144	125	108
b2075	335	249	244	169
b2076	243	164	156	112
b2077	101	69	64	45
b2078	80	67	79	67
b2079	156	189	175	87
b2080	229	326	477	276
b2081	616	774	578	377
b4438	3	1	0	3
b2082	25	37	25	17
b2083	10	5	7	3
b2085	9	8	10	4
b2086	138	146	213	162
b4498	288	337	327	172
b2088	32	34	20	16
b2089	133	150	131	94
b2091	2857	3386	4127	2481
b2092	10468	12046	15473	9323
b2093	1792	2000	2472	1418
b2094	2987	3736	4456	2367
b2095	19578	23626	28438	16661
b2096	14004	18089	21908	12950
b2097	2311	3196	5687	3649
b2098	66	32	24	15
b2099	116	101	63	58
b2100	117	106	47	37
b2101	140	150	117	66
b2102	74	78	52	28
b2103	485	595	496	303
b2104	738	846	855	524
b2105	51	53	33	26
b2106	43	26	14	15
b2107	72	100	83	70
b2108	19	6	3	3
b2109	93	17	13	16
b2110	10	0	0	0
b2111	19	13	0	1
b2112	99	80	122	54
b2113	1862	2441	2371	1412
b2114	2519	3411	3046	1974
b4499	179	75	48	47
b2118	178	96	77	42
b4541	4	1	1	0
b2119	48	1	2	8
b2120	126	26	17	19
b2121	47	10	8	10
b2122	127	56	42	28
b2123	18	12	11	4
b2124	76	88	77	35
b2125	82	94	84	57
b2126	142	141	119	77
b2127	144	157	260	155
b4542	21	24	40	21
b2128	99	94	111	78
b2129	174	142	171	116
b2130	159	145	178	112
b2131	206	223	308	168
b2132	1080	1291	864	650
b2133	996	1278	2363	1522
b2134	311	428	367	208
b2135	99	81	209	122
b2136	126	161	115	67
b2137	142	151	188	128
b2139	67	17	15	11
b4679	14	3	8	5
b2140	127	89	71	57
b2141	42	62	48	38
b2142	105	128	124	96
b2143	342	524	507	337
b2144	82	81	59	35
b2145	12	11	5	5
b2146	186	219	271	199
b2147	186	211	268	168
b2148	56	14	20	17
b2149	35	13	18	16
b2150	32	12	43	28
b2151	62	28	21	18
b2152	136	169	293	149
b2153	712	889	2033	1151
b2154	357	414	536	389
b2155	123	84	73	57
b2156	1662	2279	2804	1668
b2157	212	219	157	117
b2158	206	208	192	120
b2159	220	301	328	230
b2160	175	166	165	104
b2161	63	18	20	13
b2162	35	5	6	3
b2163	21	3	3	6
b2164	52	39	29	30
b2165	44	8	5	10
b2166	20	7	2	4
b2167	858	967	854	577
b2168	348	417	317	210
b2169	433	441	366	259
b2170	95	66	34	21
b4502	57	45	25	17
b2171	312	413	327	212
b2172	76	42	15	26
b2173	154	145	137	98
b2174	37	58	32	21
b2175	1001	996	648	413
b2176	157	122	78	54
b2177	218	205	146	84
b2178	95	68	57	35
b2179	104	81	70	54
b2180	263	293	220	142
b2181	40	42	43	35
b2182	343	431	305	174
b2183	430	683	404	319
b2184	150	131	123	60
b2185	1522	1890	1354	950
b2186	488	603	522	357
b2187	178	225	186	115
b2188	481	566	507	282
b2189	9	9	0	2
b2190	297	353	243	184
b2192	408	484	388	301
b2193	665	883	620	424
b2194	127	123	61	40
b2195	61	50	30	16
b2196	305	247	160	90
b2197	142	212	98	56
b2198	54	76	32	17
b2199	190	226	122	69
b2200	79	82	49	25
b2201	82	100	50	33
b2202	151	186	82	43
b2203	46	37	12	11
b2204	99	62	25	19
b2205	91	83	30	20
b2206	475	491	184	110
b2207	19	18	5	6
b2208	62	48	23	11
b2209	90	69	198	107
b2210	83	57	135	105
b2211	101	33	37	22
b2212	43	34	35	26
b2213	169	178	154	111
b2214	116	120	73	61
b2215	70056	99374	74662	49052
b4439	1	2	0	0
b2216	1127	1404	1409	858
b2217	1039	1326	1115	659
b2218	559	644	534	390
b2219	75	59	38	25
b2220	71	64	34	31
b2221	32	8	1	11
b2222	24	4	4	4
b2223	42	9	9	4
b2224	51	21	22	25
b2225	34	15	8	9
b2226	90	32	22	27
b4500	217	105	91	81
b2229	21	3	2	2
b2230	68	43	29	24
b2231	5920	7223	6067	4145
b2232	616	818	547	438
b2233	525	536	381	249
b2234	576	674	3244	2073
b2235	535	669	1641	1001
b2236	43	42	87	60
b2237	151	167	170	106
b2238	15	7	0	6
b2239	143	136	119	78
b2240	83	38	31	33
b2241	88	12	3	7
b2242	51	16	17	18
b2243	65	26	22	16
b2244	156	167	140	88
b4543	43	42	34	20
b2245	77	62	51	36
b2246	74	56	18	21
b2247	43	8	6	2
b2248	37	10	4	8
b2249	458	553	385	244
b2250	107	99	95	62
b2251	56	53	47	29
b2252	182	224	295	169
b2253	1361	1670	2145	1538
b2254	583	761	947	646
b2255	1551	1933	2424	1635
b2256	267	342	342	271
b2257	211	158	182	115
b4544	58	42	51	40
b2258	62	49	45	12
b2259	75	67	50	14
b2260	361	386	289	164
b2261	728	839	664	432
b2262	899	1138	1000	666
b2263	208	298	182	136
b2264	449	443	218	153
b2265	368	400	346	220
b2266	1245	1590	2842	1892
b2267	214	255	265	165
b2268	129	126	131	79
b2269	24	8	1	2
b2270	80	36	16	19
b2271	23	3	6	1
b2272	29	20	5	13
b2273	18	2	0	3
b2274	12	9	9	4
b2275	32	38	23	12
b2276	1403	1567	1151	692
b2277	1356	1492	1182	650
b2278	2116	2221	1586	977
b2279	252	278	205	125
b2280	651	705	503	295
b2281	368	434	294	189
b2282	985	1122	818	517
b2283	3582	4137	2899	1764
b2284	1436	1617	1055	614
b2285	724	871	499	310
b2286	2253	2531	1528	929
b2287	981	1176	678	401
b2288	627	787	392	232
b2289	465	644	429	271
b2290	599	687	324	173
b2291	133	140	136	86
b2292	421	424	239	169
b2293	822	1060	1084	750
b2294	1159	1576	1545	1084
b2295	193	215	180	124
b2296	6925	9112	3029	1965
b2297	10062	13767	5621	3423
b2298	239	282	26	27
b2299	499	686	619	415
b2300	492	610	550	419
b2301	202	186	211	165
b2302	61	80	140	75
b2303	284	350	809	538
b2304	422	471	599	441
b2305	101	112	117	89
b2306	126	142	271	164
b2307	95	110	275	179
b2308	239	250	593	371
b2309	574	727	2553	1539
b2310	51	46	205	100
b2311	133	122	140	61
b2312	2040	2640	2586	1673
b2313	1056	1394	1294	690
b2314	370	439	413	261
b2315	669	799	703	541
b2316	2636	3321	3045	2078
b2317	329	461	501	260
b2318	558	734	698	409
b2319	856	1109	1048	681
b2320	1091	1269	1219	779
b2321	193	232	195	135
b2322	123	115	93	70
b2323	5199	7038	5162	3525
b2324	359	372	289	214
b2325	152	138	155	72
b2326	290	330	330	156
b2327	234	277	240	150
b2328	320	402	416	225
b2329	1170	1529	1504	983
b2330	1233	1493	1289	768
b2331	260	339	268	170
b2332	177	196	139	102
b2333	17	7	4	3
b2334	21	8	7	5
b2335	24	6	4	5
b2336	33	10	5	9
b4661	175	77	57	41
b2339	10	0	0	0
b2340	418	591	516	392
b2341	150	82	62	49
b2342	52	17	15	17
b2343	294	456	154	123
b2344	90	74	137	61
b2345	9	8	8	5
b2346	624	672	560	346
b2347	99	94	138	91
b2348	7	2	2	3
b2349	130	150	116	58
b2350	166	202	143	90
b2351	273	344	277	158
b2352	100	81	83	42
b2353	35	21	14	16
b2354	36	28	13	18
b2355	15	1	2	2
b2356	11	0	0	0
b2357	14	1	0	2
b2358	15	6	0	2
b2359	13	5	4	2
b2360	32	16	23	12
b2361	13	0	2	1
b2362	6	0	1	2
b2363	7	6	1	1
b4545	2	0	0	1
b4501	9	8	5	1
b4643	4	1	1	1
b2364	62	56	49	32
b2365	50	36	36	18
b2366	125	134	125	80
b2367	30	7	5	8
b2368	33	8	10	4
b2369	208	302	232	146
b2370	230	189	193	97
b2371	47	14	17	10
b2372	22	6	3	1
b2373	43	14	8	12
b2374	47	14	17	7
b2375	22	6	5	2
b2376	30	25	26	25
b2377	95	110	101	60
b2378	72	49	52	28
b4680	10	5	5	2
b2379	632	746	733	463
b2380	179	188	162	105
b2381	140	213	189	159
b2382	74	89	69	52
b2383	121	64	44	31
b2384	61	18	8	18
b2385	57	8	10	7
b2386	59	8	6	7
b2387	5	0	1	0
b2388	594	772	823	537
b2389	123	158	137	85
b2390	70	45	99	55
b2392	126	151	229	143
b2393	882	1010	895	547
b2394	280	355	259	203
b2395	225	278	244	158
b2396	11	8	7	4
b2397	142	244	96	83
b2398	82	104	73	41
b2399	46	57	38	29
b2400	2923	3732	2971	1923
b2401	1827	2248	986	677
b2402	317	577	255	180
b2403	64	86	41	39
b2404	7	5	1	2
b2405	82	61	77	37
b2406	75	58	36	21
b2407	36	7	14	7
b2408	27	28	22	16
b2409	101	75	70	53
b2410	234	232	232	151
b4546	54	63	38	39
b2411	782	988	702	484
b2412	1733	2185	1596	1052
b2413	174	234	221	141
b2414	12534	17901	18759	12164
b2415	2833	3816	2602	1600
b2416	13119	17079	11331	7358
b2417	3579	4301	2984	2152
b2418	533	636	443	301
b2419	38	51	48	19
b2420	146	154	93	52
b2421	1723	2526	1757	1175
b2422	2213	2969	2233	1729
b2423	1133	1300	1023	742
b2424	780	1014	817	504
b2425	1582	2258	1884	1215
b2426	248	262	159	108
b2427	58	50	53	34
b2428	129	97	76	43
b2429	133	85	62	44
b2430	83	73	63	24
b2431	1125	1448	618	432
b2432	292	370	324	244
b2433	124	138	92	85
b2434	346	440	304	193
b2435	244	279	170	116
b2436	193	216	109	70
b2437	124	124	71	73
b2438	80	91	74	44
b2439	134	114	107	77
b2440	137	133	124	104
b2441	687	829	739	479
b2442	162	142	117	95
b2443	58	69	55	37
b2444	6	5	6	7
b2445	16	10	10	5
b2446	42	40	39	16
b2447	55	27	26	14
b2448	21	19	13	10
b2449	66	60	54	52
b2450	261	318	263	189
b2451	80	22	11	15
b2452	85	23	19	18
b2453	111	22	18	21
b2454	50	9	8	4
b2455	70	15	18	17
b2456	11	1	4	2
b2457	17	8	7	8
b2458	53	20	19	16
b2459	35	5	7	7
b2460	26	7	7	10
b2461	11	6	5	1
b2462	8	3	0	0
b2463	819	940	1133	651
b2464	707	922	1710	1073
b2465	1561	1927	3749	2565
b2466	181	188	316	201
b2467	109	130	140	84
b2468	371	334	88	68
b2469	245	266	205	134
b2470	297	218	162	115
b4606	9	17	5	1
b2471	124	151	103	54
b2472	558	709	542	360
b4547	52	63	43	28
b2473	324	367	322	226
b2474	438	422	380	267
b2475	541	808	680	449
b2476	3652	5102	5297	3273
b2477	2503	3291	3025	1899
b2478	3268	4480	4044	2584
b2479	469	492	553	337
b2480	458	635	534	310
b2481	32	6	3	3
b2482	109	35	24	16
b2483	27	3	1	3
b2484	65	7	9	8
b2485	27	10	5	3
b2486	79	34	33	25
b2487	117	46	31	34
b2488	24	15	20	15
b2489	50	22	30	20
b2490	23	16	7	10
b2491	102	41	32	32
b2492	94	59	53	36
b2493	354	441	368	214
b2494	751	955	970	609
b2495	276	367	425	256
b2496	409	502	257	175
b2497	1611	1803	578	339
b2498	2987	3746	1342	908
b2499	3382	4095	3707	2264
b2500	519	603	576	333
b2501	725	999	892	592
b2502	537	622	583	414
b2503	123	71	24	25
b2504	76	55	86	28
b2505	22	12	3	13
b2506	22	10	14	5
b2507	5938	7685	7244	4398
b2508	6465	8832	8091	5113
b2509	629	707	491	317
b2510	76	82	63	40
b2511	993	1295	1151	706
b2512	2106	2579	2203	1459
b2513	805	1210	966	626
b2514	2438	3052	2670	1578
b2515	1442	1895	1626	1027
b2516	952	1208	1097	725
b2517	486	568	531	310
b2518	76	122	166	93
b2519	221	153	141	109
b2520	1547	1858	1591	971
b2521	345	440	441	309
b4440	128	154	115	84
b2522	127	193	124	102
b2523	818	897	751	482
b2524	95	159	95	56
b2525	264	357	256	182
b2526	1162	1331	1085	709
b2527	191	291	195	137
b2528	539	770	566	375
b2529	502	797	561	405
b2530	2221	3058	2343	1612
b2531	196	234	310	186
b2532	581	785	722	503
b2533	596	779	598	367
b2534	28	22	11	7
b2535	97	97	94	75
b2536	134	124	99	69
b2537	42	7	27	33
b4706	0	0	0	0
b2538	199	208	157	125
b2539	37	29	18	9
b2540	25	23	10	13
b2541	62	48	40	31
b2542	112	96	87	61
b2543	115	139	145	118
b2544	90	71	57	38
b2545	127	116	96	75
b2546	68	36	42	15
b2547	79	28	22	27
b2548	28	16	11	8
b2549	163	43	26	29
b2550	118	108	75	51
b2551	17832	24335	21114	12861
b2552	136	114	382	778
b2553	285	335	295	206
b2554	265	291	268	156
b2555	167	149	133	105
b2556	292	291	234	153
b4441	261	257	248	157
b2557	7626	9585	8533	5495
b2558	134	99	86	74
b2559	193	196	153	98
b2560	279	354	341	210
b2561	149	172	145	123
b2562	64	57	36	35
b4687	9	1	3	2
b4608	7	7	8	9
b2563	95	143	126	103
b2564	803	988	999	653
b2565	194	229	169	116
b2566	760	1075	804	542
b2567	482	611	486	306
b2568	642	806	694	439
b2569	2177	2846	2311	1595
b2570	190	293	210	132
b2571	810	1059	976	610
b2572	1671	2205	2232	1367
b2573	1561	2003	1951	1102
b2574	1073	1617	1704	1132
b2575	240	330	283	144
b2576	488	596	503	337
b2577	83	82	56	38
b2578	49	40	40	27
b2579	1209	1835	85	53
b2580	264	313	261	173
b2581	692	825	673	457
b2582	40	30	48	38
b2583	54	49	44	25
b2584	427	513	519	335
b2585	1069	1317	1089	728
b2586	65	93	152	72
b2587	490	657	1538	882
b2588	229	330	179	125
b2589	2849268	3273260	3232245	1920469
b2590	241	384	226	197
b2591	358218	338697	444338	230554
b2592	4326	5800	7633	5251
b4609	11	25	26	12
b2593	249	310	290	205
b2594	548	728	764	495
b2595	1787	2124	2053	1192
b2597	320	434	487	318
b2598	31	27	32	20
b2599	542	593	776	456
b2600	1135	1385	925	593
b2601	1625	2094	1383	807
b2602	19	12	25	14
b2603	55	52	56	22
b2604	78	68	67	46
b2605	60	59	58	23
b2606	2899	3800	3297	1831
b2607	7228	10073	9000	6162
b2608	5823	7712	6934	4430
b2609	3500	4488	4149	2560
b2610	1443	1875	1793	1107
b2611	198	275	225	122
b4461	273	303	296	165
b2614	1438	1943	1832	1225
b2615	270	332	339	180
b2616	231	200	224	138
b2617	678	764	611	351
b2618	38	40	29	15
b2619	165	197	215	124
b2620	408	457	447	242
b2621	289976	381128	318529	221596
b2622	286	369	318	214
b2623	70	66	32	15
b2624	6	7	2	3
b2625	28	10	4	2
b2626	11	2	2	3
b2627	419	493	299	183
b2628	370	423	266	181
b2629	28	15	13	8
b2630	963	1239	950	615
b2631	111	139	125	65
b2632	81	29	24	29
b2633	51	14	22	14
b2634	48	13	16	12
b2635	10	2	1	1
b2636	24	2	5	5
b2637	41	31	39	19
b2638	10	18	6	9
b2641	109	106	64	52
b2642	52	72	61	31
b4644	8	3	3	6
b2643	29	15	14	2
b2644	17	8	3	8
b4548	7	7	2	2
b2645	11	9	3	10
b2646	18	10	8	6
b4645	5	2	2	3
b2647	417	290	228	179
b2648	7	3	2	1
b2650	13	5	4	1
b2652	4	1	0	0
b4462	32	7	6	9
b2659	90	29	26	21
b2660	149	110	138	73
b2661	309	329	353	255
b2662	333	315	367	218
b2663	66	38	88	51
b2664	194	192	277	156
b2665	621	763	1400	950
b2666	33	58	41	27
b2667	22	21	14	14
b2668	67	84	43	26
b2669	621	914	318	256
b2670	24	28	88	79
b2671	41	39	73	52
b2672	641	768	1251	859
b2673	6	7	3	4
b2674	14	7	3	10
b2675	83	58	44	32
b2676	25	9	7	11
b2677	96	56	75	50
b2678	116	79	108	52
b2679	82	61	57	51
b2681	87	57	33	21
b2682	337	439	399	236
b2683	137	146	104	69
b2684	519	691	477	324
b2685	435	471	291	204
b2686	379	451	265	177
b2687	1734	2385	2372	1561
b4442	73	106	75	63
b2688	1487	1946	1786	1192
b2689	249	350	281	201
b2690	364	417	262	179
b2691	28	70	25	13
b2692	166	293	147	84
b2693	263	353	262	103
b2694	415	541	370	216
b2695	1093	1437	753	582
b2696	429	475	410	253
b2697	8983	11869	9276	6288
b2698	18	12	18	13
b2699	1911	2509	2489	1677
b2700	266	326	311	219
b2701	1066	1101	850	708
b2702	20	6	10	6
b2703	50	7	29	24
b2704	16	3	29	23
b2705	71	44	123	87
b2706	20	18	12	9
b2707	180	225	130	111
b2708	279	294	204	117
b2709	262	265	217	152
b2710	80	58	53	38
b2711	86	59	40	24
b2712	749	970	347	215
b2713	663	994	482	318
b2714	191	238	191	109
b2715	114	62	46	39
b2716	120	90	90	53
b2717	312	436	262	181
b2718	373	508	274	216
b2719	592	890	480	317
b2720	355	577	274	236
b2721	1728	2465	1318	1016
b2722	627	978	498	320
b2723	1612	2267	1269	886
b2724	525	797	439	325
b2725	525	866	435	321
b2726	294	430	129	120
b2727	799	1152	296	291
b2728	150	242	54	54
b2729	942	1297	350	312
b2730	704	939	279	261
b2731	259	326	169	152
b2732	26	23	19	21
b2733	688	682	540	358
b2734	19	10	7	8
b2735	165	179	128	100
b2736	45	15	24	9
b2737	98	24	38	21
b2738	24	12	17	12
b2739	44	17	20	15
b2740	103	54	37	26
b2741	4955	6571	12320	7911
b2742	4686	5862	10009	6691
b2743	321	375	297	229
b2744	298	385	344	232
b2745	531	656	538	378
b2746	176	289	255	170
b2747	298	388	308	208
b2748	234	269	211	170
b2749	87	98	125	73
b2750	644	906	740	479
b2751	4606	5924	5038	3337
b2752	2437	3179	2941	1815
b2753	120	157	101	68
b2754	14	29	13	9
b2755	111	96	66	50
b2756	44	43	31	29
b2757	24	22	27	11
b2758	48	32	39	12
b2759	14	5	9	8
b2760	50	18	19	18
b2761	123	56	32	34
b4701	1	2	0	0
b2762	1253	1641	1543	947
b2763	4729	5984	5303	3755
b2764	4193	5511	4726	3276
b2765	49	71	49	23
b2766	79	43	15	16
b2767	15	8	4	3
b2768	24	16	9	3
b2769	70	27	30	21
b2770	52	20	14	10
b2771	65	9	11	3
b4463	64	15	23	16
b2774	23	1	3	3
b2775	58	20	18	11
b2776	62	24	23	27
b2777	186	202	200	143
b4682	3	0	0	0
b2778	16	4	1	5
b2779	25740	33959	34987	21256
b2780	4402	5766	4686	2929
b2781	286	367	318	224
b2782	99	122	93	75
b2783	141	168	121	94
b2784	1410	1825	1570	1150
b2785	426	496	511	289
b2786	376	355	277	167
b2787	148	104	153	80
b2788	60	43	39	25
b2789	77	14	17	13
b2790	213	226	184	129
b2791	95	105	113	55
b2792	36	51	40	17
b4408	57693	64130	75449	44956
b2793	140	158	155	79
b2794	224	314	227	148
b2795	582	698	653	414
b2796	590	682	395	239
b2797	289	276	150	108
b2798	84	93	82	54
b2799	104	86	80	73
b2800	41	25	22	21
b2801	34	9	7	6
b2802	106	43	43	32
b2803	85	70	74	41
b2804	95	132	110	82
b2805	130	159	112	76
b2806	537	659	454	340
b2807	205	223	192	129
b2808	170	232	164	113
b4443	13	21	14	11
b2809	47	57	119	76
b2810	309	349	279	160
b2811	141	172	139	96
b2812	321	402	331	207
b2813	638	789	612	417
b2814	526	732	318	182
b2815	155	208	94	65
b2816	19	19	12	9
b2817	421	537	476	314
b2818	1600	2170	2755	1830
b2819	529	571	613	415
b2820	770	902	780	546
b2821	557	580	624	360
b2822	571	621	538	334
b2823	46	17	24	10
b2824	39	19	18	13
b2825	42	19	18	19
b2826	22	7	5	4
b2827	422	505	453	296
b2828	383	407	423	272
b2829	1447	1814	1572	916
b2830	602	698	709	397
b2831	88	119	56	46
b2832	114	115	95	59
b2833	84	82	88	43
b2834	706	790	849	504
b2835	279	281	189	119
b2836	473	508	460	283
b4444	4	0	1	0
b4445	9	2	7	2
b2837	311	371	248	150
b2838	788	1061	848	501
b2839	128	112	105	68
b2840	288	312	237	183
b2841	128	121	76	65
b2842	86	61	56	53
b2843	54	29	27	20
b2844	67	30	62	33
b2845	39	21	24	17
b2846	12	6	4	4
b2847	62	42	23	16
b2848	9	11	5	1
b4683	1	1	1	0
b2849	4	3	0	1
b2850	4	4	2	0
b2851	7	1	2	1
b2852	10	9	3	0
b2853	2	0	0	0
b2854	2	0	1	0
b2856	15	1	0	1
b2858	9	0	0	1
b2859	2	3	4	2
b2860	107	104	108	62
b2861	62	71	43	29
b2863	65	45	36	17
b2864	9	4	1	5
b2865	254	324	266	143
b2866	144	84	67	58
b2867	58	20	32	30
b2868	28	6	11	11
b2869	106	68	52	50
b2870	33	11	7	4
b2871	83	22	18	17
b2872	69	18	16	15
b2873	80	15	16	19
b2874	68	47	23	21
b2875	134	72	64	46
b2876	37	17	7	9
b2877	28	18	22	2
b2878	162	61	47	45
b2879	48	11	11	8
b2880	32	12	7	12
b2881	167	83	74	67
b2882	74	36	37	21
b2883	115	89	72	42
b4464	96	55	40	26
b2886	17	12	8	3
b2887	115	45	27	26
b2888	63	8	9	2
b4684	0	0	0	1
b2889	72	69	100	67
b2890	3292	4522	3426	2307
b2891	2014	2854	2175	1421
b2892	857	1035	875	614
b2893	378	528	487	311
b2894	348	409	327	208
b2895	338	425	383	254
b2896	187	246	183	123
b2897	231	365	208	175
b2898	705	780	817	532
b2899	158	179	106	76
b2900	123	197	153	105
b2901	1117	1439	1564	984
b2902	100	63	62	50
b2903	795	1098	984	700
b2904	199	289	243	181
b2905	329	442	336	212
b2906	460	534	472	312
b2907	865	1008	980	633
b2908	1520	1907	1759	1121
b2909	923	1190	1013	645
b2910	777	999	1045	620
b2911	5543	7102	6946	3318
b2912	98	108	89	42
b4446	23	26	16	13
b4665	10	8	4	2
b2913	20167	26831	22051	14674
b2914	1123	1492	1525	1024
b2915	31	10	10	8
b2916	580	654	596	406
b2917	133	56	62	49
b2918	48	12	14	11
b2919	34	16	15	9
b2920	94	42	34	25
b2921	56	41	32	14
b2922	819	1029	1098	725
b2923	146	201	117	88
b2924	3845	5543	5553	3662
b2925	11845	15272	15922	9418
b2926	11466	15270	15742	9970
b2927	1386	1686	1306	854
b2928	135	176	130	63
b2929	166	209	174	93
b2930	72	34	26	15
b4465	61	19	14	17
b2933	53	11	10	7
b2934	11	1	2	0
b2935	8437	11672	10597	6888
b2936	190	195	425	257
b2937	525	548	723	439
b2938	2783	3025	3981	2383
b2939	93	102	151	86
b2940	97	114	127	80
b2942	9186	13065	10664	6654
b2943	293	334	451	302
b2944	71	54	56	29
b2945	47	35	9	10
b2946	283	309	338	177
b2947	780	888	868	630
b2948	448	627	563	305
b2949	104	141	138	71
b2950	90	82	45	38
b2951	242	344	275	159
b2952	292	364	294	199
b2953	70	102	81	59
b2954	195	227	237	132
b2955	285	337	283	197
b2956	41	21	21	16
b2957	459	569	120	69
b2958	244	303	300	184
b2959	741	950	850	570
b2960	485	529	578	365
b2961	305	330	361	231
b2962	93	148	110	107
b2963	173	221	208	122
b2964	159	199	183	115
b2965	453	514	602	393
b2966	72	79	30	14
b2967	4	3	0	3
b2968	37	19	22	13
b2969	226	245	157	95
b2970	42	19	6	7
b2971	17	24	10	2
b2972	80	60	42	30
b4466	520	421	295	227
b2975	99	29	36	18
b2976	437	474	550	369
b2977	75	102	105	71
b4467	111	94	93	80
b4468	55	25	24	22
b2979	102	56	37	34
b2980	69	32	50	34
b2981	53	18	19	21
b2982	353	448	446	264
b2983	54	26	33	15
b2984	47	2	2	5
b2985	24	10	3	6
b2986	16	5	2	0
b2987	69	13	15	13
b2988	1934	2707	2261	1390
b2989	842	1091	1324	797
b2990	113	132	98	83
b2991	80	84	119	67
b2992	180	219	235	125
b2993	239	275	273	184
b2994	1114	1489	1414	969
b2995	507	622	655	388
b2996	951	1204	1066	716
b2997	1038	1218	1243	767
b2998	18	6	9	2
b4658	150	172	341	185
b3001	203	228	327	198
b3002	130	160	403	189
b3003	137	143	383	265
b3005	64	65	40	17
b3006	168	186	103	92
b3008	1352	1707	1241	755
b3009	181	215	148	100
b3010	119	94	87	66
b3011	643	865	398	243
b3012	258	299	402	223
b3013	38	22	13	9
b3014	20	14	10	8
b4469	696	751	629	394
b3017	708	792	652	458
b3018	218	286	246	146
b3019	1277	1548	1365	954
b3020	229	286	196	112
b3021	45	86	72	27
b3022	93	124	112	71
b3023	75	83	69	61
b3024	354	467	554	363
b3025	115	92	63	61
b3026	146	129	68	60
b3027	11	2	3	0
b3028	357	436	490	311
b3029	1087	1491	1041	684
b3030	1071	1412	1192	776
b3031	219	260	234	135
b3032	703	822	704	493
b3033	176	263	247	114
b3034	277	370	306	223
b3035	2414	2973	2969	1924
b3037	664	783	865	534
b3038	509	614	701	380
b3039	110	83	95	49
b3040	337	408	341	222
b3041	822	1031	801	487
b3042	251	245	253	139
b3043	15	0	3	1
b3046	62	25	24	21
b3044	59	64	69	42
b3045	110	107	102	55
b3047	11	5	9	1
b3048	37	30	33	17
b3049	156	213	310	199
b3050	13	4	5	4
b3051	87	12	19	9
b4447	42	54	29	17
b4664	6	12	11	4
b4611	43	35	29	27
b4666	41	35	45	38
b3052	1183	1506	1468	998
b3053	1500	1741	1586	1040
b3054	794	936	758	532
b3055	419	486	536	233
b3056	686	732	613	412
b3057	325	415	321	213
b3058	112	103	80	75
b3059	190	165	109	67
b3060	108	94	23	21
b3061	65	16	20	14
b3062	32	6	14	8
b3063	125	65	56	39
b3064	435	503	411	279
b3065	4990	5967	3724	2600
b3066	972	1287	833	578
b3067	3094	4244	4135	2802
b3068	239	274	237	151
b3069	2	1	1	0
b3070	86	37	25	20
b3071	331	352	251	196
b3072	148	107	81	88
b3073	218	204	988	536
b3074	20	10	33	20
b3075	97	89	70	58
b3076	179	36	38	29
b3077	8	3	0	0
b3078	51	3	6	2
b3079	65	3	11	7
b3080	134	29	18	23
b3081	124	31	34	25
b3082	30	26	25	13
b3083	24	24	10	15
b3084	181	159	117	77
b3085	72	62	67	41
b3086	34	5	7	5
b3087	239	306	333	214
b3088	59	24	17	17
b3089	8652	10751	7553	4660
b3090	198	214	151	97
b3091	131	113	70	36
b3092	196	172	64	47
b3093	130	87	86	69
b3094	355	465	310	163
b3095	199	215	182	98
b3096	73	91	88	44
b3097	764	1089	1322	848
b3098	1024	1377	1913	1369
b3099	1079	1383	1931	1172
b3100	315	357	535	381
b3101	24	18	16	7
b3102	162	127	260	153
b3103	281	352	297	203
b3104	18	8	6	4
b3105	391	437	392	243
b3106	49	29	30	23
b3107	46	70	34	20
b4470	163	133	86	51
b3110	72	68	19	22
b4471	80	45	38	39
b3113	32	11	15	14
b3114	125	71	47	35
b3115	39	12	19	4
b3116	77	65	47	28
b3117	33	4	3	1
b3118	33	3	6	2
b3119	2	0	1	0
b3120	7	1	1	1
b3121	13	1	0	1
b3123	56862	73664	46534	32523
b3124	151	120	89	72
b3125	119	104	95	70
b3126	38	13	11	16
b3127	71	5	6	5
b3128	192	135	96	73
b3129	86	145	126	73
b3130	128	171	130	90
b3131	606	768	517	383
b3132	72	26	15	17
b3133	12	9	10	8
b3134	36	10	8	10
b3135	54	15	21	11
b3136	57	35	10	15
b3137	22	3	5	6
b3138	9	2	3	3
b3139	21	3	3	5
b3140	23	6	5	6
b3141	28	7	4	3
b3142	23	5	5	5
b3143	23	1	3	2
b3144	171	133	110	69
b3145	82	65	46	35
b3146	203	265	190	127
b3147	662	831	710	455
b3148	108	133	79	83
b3149	429	516	512	293
b3150	327	424	346	251
b3151	507	527	410	267
b3152	104	145	124	100
b3153	56	87	206	114
b3154	58	69	89	61
b3155	153	193	67	41
b3156	537	684	235	159
b3157	956	1249	451	275
b3158	481	573	4	5
b3159	421	465	24	19
b3160	134	92	338	228
b3161	294	324	361	217
b3162	2446	2944	1997	1218
b4685	49	70	46	27
b3163	1997	2793	1866	1220
b3164	7393	9506	7581	4744
b4449	160	160	143	75
b3165	1669	1930	1579	946
b3166	596	788	643	386
b3167	402	487	385	270
b3168	8214	10734	8556	5780
b3169	3480	4540	3408	2221
b3170	727	986	694	450
b3171	79	106	63	39
b3172	4233	5600	6648	4150
b3173	100	90	85	38
b3174	5	3	0	1
b3175	2227	2924	1537	995
b3176	2106	2438	2293	1433
b3177	497	585	415	343
b3178	6424	7994	7615	4844
b3179	953	1223	1137	673
b3180	481	587	484	320
b3181	259	353	266	155
b3182	271	250	216	155
b3183	923	1168	928	576
b3184	416	459	370	234
b3185	1142	1144	963	571
b3186	5895	7145	5682	3986
b3187	1054	1311	1214	802
b3188	69	68	59	40
b3189	1538	2014	1754	1110
b3190	309	414	366	227
b3191	93	115	111	102
b3192	750	901	911	617
b3193	364	406	350	260
b3194	518	634	479	295
b3195	656	783	593	381
b3196	306	375	302	185
b3197	790	1023	901	639
b3198	478	571	532	335
b3199	260	360	331	195
b3200	536	714	629	387
b3201	725	777	776	565
b3202	1815	2328	2279	1490
b3203	623	917	884	568
b3204	575	854	751	431
b3205	859	1131	1068	600
b3206	36	52	30	19
b3207	206	264	199	117
b3208	194	230	189	114
b3209	581	746	611	453
b4450	52	57	55	38
b3210	736	836	786	522
b3211	223	214	19	15
b3212	31484	37967	50863	34762
b3213	11079	13596	17953	11634
b3214	91	104	116	66
b3215	27	13	8	6
b3216	126	79	72	53
b4569	31	22	19	10
b3218	396	482	442	294
b3219	53	53	47	28
b3220	47	20	23	17
b3221	47	59	70	34
b3222	117	112	134	95
b3223	63	36	28	25
b3224	103	28	47	32
b3225	52	19	37	16
b3226	325	347	357	230
b3227	84	40	25	21
b3228	534	718	572	411
b3229	1465	1956	1579	1090
b3230	5772	6692	5460	3210
b3231	6083	7149	5775	4042
b3232	243	285	309	207
b3233	833	935	836	551
b3234	464	521	565	350
b3235	250	354	319	176
b3236	516	690	1675	1022
b3237	340	474	384	243
b3238	34	29	38	22
b3239	48	58	67	40
b3240	131	45	42	33
b3241	68	43	35	25
b3242	22	44	31	19
b3243	201	237	156	94
b3244	1026	1226	1114	668
b4472	584	549	488	303
b3247	771	926	733	502
b3248	485	500	415	290
b3249	176	214	173	114
b3250	688	755	642	403
b3251	3014	3653	3215	2131
b3252	408	445	391	242
b3253	873	1130	598	400
b4697	15	14	7	5
b4646	20	13	9	7
b3255	1528	2098	1775	1102
b3256	2839	3485	3112	2013
b3257	27	32	18	14
b3258	209	175	154	77
b3259	311	347	290	210
b3260	2487	3119	1357	844
b3261	674	830	380	203
b3262	48	21	19	15
b3263	8	3	5	3
b3264	22	3	5	4
b3265	45	10	20	10
b3266	156	98	56	51
b3267	22	19	46	20
b3268	77	53	53	36
b3269	47	19	17	14
b3270	45	15	13	8
b3271	63	44	40	24
b3272	59	75	68	59
b3273	61	70	30	31
b3274	1382	2048	1200	923
b3275	2685895	3080407	3070303	1833651
b3276	26	38	20	20
b3277	131	175	88	46
b3278	336924	309344	428159	224893
b3279	413	497	488	297
b3280	121	154	170	108
b3281	298	393	437	287
b3282	150	215	229	169
b3283	270	348	286	184
b3284	495	730	590	407
b4473	449	475	397	278
b3287	383	521	525	328
b3288	731	921	860	611
b3289	459	625	534	336
b3290	386	463	507	358
b3291	344	445	392	317
b4550	80	111	91	76
b3292	137	170	164	121
b3293	157	190	188	140
b3294	2664	3402	2522	1728
b3295	20827	26561	22953	14964
b3296	14198	18236	14823	10036
b3297	8917	11285	9563	5969
b3298	11924	15517	12710	7921
b3299	2154	2645	2266	1499
b3300	20980	26636	23467	14081
b3301	11361	13797	12147	7680
b3302	2522	3289	2809	1624
b3303	8915	11320	9739	6424
b3304	4890	6500	6000	3529
b3305	11471	13699	11862	7427
b3306	6428	8349	7263	4602
b3307	7638	9652	8086	5474
b3308	13147	17084	14556	8320
b3309	5159	6906	5375	3346
b3310	15040	18145	13873	8737
b3311	1283	1525	1231	690
b3312	3205	4190	3723	2152
b3313	8498	11266	9410	5978
b3314	14612	18266	15818	9878
b3315	5746	7381	6506	4031
b3316	6050	7904	6962	4397
b3317	15763	18713	16383	10632
b3318	5504	6930	5817	3837
b3319	10710	13363	11117	6953
b3320	13820	17912	15044	9328
b3321	6361	7931	6613	4461
b3322	18	23	19	17
b3323	67	27	17	8
b3324	25	10	20	10
b3325	109	49	124	62
b3326	64	26	32	31
b3327	67	37	43	25
b3328	16	8	7	4
b3329	22	4	2	4
b3330	15	0	2	1
b3331	33	7	4	2
b3332	56	28	25	21
b3333	72	52	25	29
b3334	22	15	10	4
b3335	92	79	93	67
b3336	639	779	1555	1001
b3337	10	12	13	15
b3338	238	190	165	120
b3339	36773	45786	41602	28781
b3340	48989	62553	56131	35226
b3341	9680	12937	11834	7219
b3342	9369	11082	9440	6564
b3343	113	162	150	95
b3344	117	179	183	108
b3345	240	331	278	184
b3346	900	1141	943	667
b3347	884	1294	1112	647
b3348	85	88	55	42
b3349	2946	3339	3268	2075
b4551	20	34	49	34
b3350	166	75	133	107
b3351	65	27	78	55
b3352	674	740	672	451
b3353	260	266	263	187
b3354	97	117	139	76
b3355	280	329	344	219
b3356	414	573	514	350
b3357	1467	2006	1965	1129
b3358	939	1119	1104	706
b3359	3579	4777	5036	3436
b3360	73	86	96	67
b3361	136	187	240	134
b3362	65	75	116	74
b3363	261	340	369	228
b3364	263	333	206	103
b3365	1777	2925	53	35
b3366	89	154	0	3
b3367	151	194	22	13
b3368	389	507	320	223
b3369	5	3	2	0
b3370	57	8	14	8
b3371	55	22	18	19
b4474	60	39	24	22
b3374	69	25	43	21
b3375	108	121	112	78
b3376	92	46	43	43
b3377	65	39	19	10
b3378	15	8	11	5
b3379	51	21	16	11
b3380	81	10	11	8
b3381	53	6	8	5
b3382	20	7	8	2
b3383	80	72	41	31
b3384	1407	1913	1750	1167
b3385	640	776	780	528
b3386	672	924	850	539
b3387	361	452	350	250
b3388	2121	2766	2454	1628
b3389	2251	2804	2494	1644
b3390	1260	1822	1333	897
b3391	74	33	29	20
b3392	14	10	2	7
b3393	14	6	3	4
b3394	36	17	13	8
b3395	99	58	57	37
b3396	807	935	881	594
b3397	130	128	170	102
b3398	290	299	268	176
b3399	245	287	271	183
b3400	142	176	193	123
b3401	357	425	472	297
b3402	217	175	135	104
b3403	735	910	1270	815
b3404	304	313	290	210
b3405	554	568	663	380
b3406	80	64	65	36
b3407	1549	1850	1629	1204
b3408	61	89	15	13
b3409	774	1088	176	121
b3410	26	34	8	5
b3411	78	56	36	28
b3412	193	181	138	106
b3413	283	312	246	173
b3414	512	611	450	291
b3415	140	114	99	65
b3416	595	559	624	364
b3417	837	970	951	611
b3418	1244	1420	1880	1155
b4475	172	140	113	85
b3421	156	129	129	96
b3422	202	130	144	89
b3423	289	364	356	214
b3424	373	393	375	245
b3425	60	99	144	82
b3426	130	55	100	67
b3427	19	28	32	15
b3428	2287	2940	3963	2588
b3429	1902	2623	3371	2172
b3430	2020	2753	3475	2399
b3431	1491	1977	2607	1716
b3432	3622	4813	6301	4019
b3433	7238	9687	13372	8664
b3434	103	109	54	42
b4476	115	88	50	39
b3437	33	26	15	23
b3438	364	459	354	241
b3439	146	152	180	83
b3440	525	662	649	443
b4451	2	0	0	2
b3441	113	90	88	34
b3442	11	1	0	2
b3443	10	0	1	0
b3444	11	11	6	3
b3445	40	35	23	19
b3446	20	6	22	3
b3447	376	268	491	287
b3448	87	100	118	87
b3449	133	152	168	131
b3450	141	129	145	80
b3451	46	14	12	9
b3452	48	12	6	9
b3453	79	26	33	28
b3454	845	844	563	420
b3455	653	723	531	344
b3456	1338	1477	1003	594
b3457	1098	1236	732	472
b3458	1526	1924	1127	727
b3459	64	77	70	32
b3460	5434	6114	4672	3152
b3461	1440	1899	1614	1101
b3462	633	790	680	445
b3463	491	687	560	376
b3464	1061	1437	1135	807
b3465	171	186	164	102
b3466	50	44	39	30
b3467	106	117	78	71
b3468	224	233	299	174
b3469	499	469	482	337
b3470	119	123	109	67
b3471	118	85	79	55
b3472	589	683	883	557
b3473	223	214	174	127
b3474	180	181	199	119
b3475	164	170	165	96
b3476	1111	1442	24	14
b3477	606	752	19	12
b3478	518	514	12	11
b3479	474	571	20	16
b3480	287	380	18	24
b3481	206	194	124	85
b3482	368	111	57	82
b3483	8	4	5	3
b4552	12	3	1	1
b3484	42	11	15	9
b3485	254	309	385	235
b3486	657	715	918	514
b3487	620	637	857	513
b3488	40	17	17	17
b4660	30	2	2	4
b3491	909	1396	1520	909
b3492	337	337	261	160
b3493	2416	2915	1536	939
b3494	102	144	163	145
b3495	2075	2438	2959	1680
b3496	181	123	179	148
b3497	200	172	178	115
b3498	982	1192	1311	798
b3499	203	222	185	139
b3500	1149	1483	1415	990
b4613	59	66	48	28
b4712	9	7	7	4
b4713	0	1	0	0
b3501	18	16	14	11
b3502	104	45	52	46
b3503	24	21	31	19
b3504	12	5	1	3
b3505	378	436	430	276
b3506	3277	4866	3987	2429
b3507	359	485	288	199
b3508	878	1251	870	536
b3509	4039	6083	5452	3274
b3510	15725	22510	18586	13181
b3511	3735	5665	5649	3516
b4704	268	398	142	116
b3512	1247	2037	1471	1062
b3513	2226	3385	2322	1680
b3514	4624	7001	4579	3375
b3515	528	666	629	396
b4452	64	64	85	39
b3516	886	1381	1510	912
b3517	9895	14500	22032	14209
b3518	129	107	47	31
b3519	254	280	485	314
b3520	40	27	32	17
b3521	80	74	50	30
b3522	157	142	210	146
b3523	824	951	1281	821
b3524	288	233	329	231
b3525	44	11	11	3
b3526	493	623	447	293
b3527	510	543	532	368
b3528	153	121	456	260
b3529	340	302	344	220
b3530	411	281	262	230
b3531	64	26	31	12
b3532	165	53	49	54
b3533	136	42	50	40
b3534	62	39	23	22
b3535	39	53	47	36
b3536	359	353	403	266
b3537	12	17	21	3
b3538	168	136	147	98
b4453	30	36	22	22
b4454	18	5	8	8
b3539	189	250	147	88
b3540	1296	1538	1017	611
b3541	1710	2093	1342	865
b3542	1579	1953	1265	759
b3543	1935	2477	1491	972
b3544	9250	11105	9061	5585
b3545	6	3	0	1
b3546	151	130	122	89
b3547	64	34	34	19
b3548	175	179	188	103
b3549	233	236	209	152
b3550	72	72	67	37
b3551	697	762	772	498
b3552	127	119	105	100
b3553	790	891	1085	716
b3554	1027	1417	1032	612
b3555	169	283	420	276
b3556	247	329	182	77
b4455	0	0	0	0
b4647	0	0	0	0
b3557	29	24	20	11
b3558	17	12	2	7
b4614	0	0	0	0
b3559	4147	5363	3983	2687
b3560	1874	2433	1896	1147
b4553	20	7	13	6
b3561	44	34	32	11
b3562	20	3	1	1
b3563	9	1	0	0
b3564	188	199	176	124
b3565	97	93	90	55
b3566	40	9	12	4
b3567	78	37	29	16
b3568	87	27	41	16
b3569	88	103	76	42
b3570	438	507	562	341
b3571	132	73	77	37
b3572	964	1165	1156	744
b3573	118	149	83	44
b3574	346	358	377	255
b3575	51	8	7	8
b3576	11	2	2	1
b3577	10	2	0	0
b3578	44	6	5	2
b3579	45	5	3	7
b3580	98	16	13	13
b3581	38	11	16	9
b3582	42	26	19	14
b3583	39	30	24	15
b4648	8	2	1	1
b4649	13	4	14	4
b3584	51	16	28	17
b3585	60	37	36	26
b3586	61	23	20	10
b3587	16	0	2	0
b3588	173	134	327	207
b3589	52	10	6	5
b3590	1034	1222	837	576
b3591	560	667	425	289
b3592	100	100	146	101
b3593	377	133	109	89
b3594	31	23	40	32
b3595	41	15	13	14
b3596	3	3	5	0
b4650	6	1	2	1
b4651	7	1	0	1
b4615	4	0	0	0
b4652	9	3	2	3
b3597	75	54	47	38
b3598	16	17	11	9
b3599	794	1009	997	608
b3600	795	1205	1222	865
b3601	217	303	278	203
b4554	102	169	169	138
b3602	146	158	168	106
b3603	94	20	26	20
b3604	46	13	16	9
b3605	120	54	58	47
b3606	143	118	122	61
b3607	478	596	503	328
b3608	1192	1401	1281	853
b3609	1204	1501	1221	803
b3610	706	955	1008	625
b3611	630	756	598	415
b3612	7702	10352	5763	3978
b3613	770	884	642	455
b3614	221	248	259	177
b3615	152	163	306	236
b3616	248	282	527	349
b3617	329	406	587	342
b3618	56	72	75	41
b3619	1238	1675	1653	1092
b3620	547	681	713	467
b3621	326	397	340	238
b3622	139	177	195	124
b3623	83	76	75	45
b3624	48	69	47	34
b3625	76	86	93	54
b3626	62	81	84	42
b3627	100	132	120	68
b3628	140	160	144	94
b3629	49	76	62	33
b3630	62	90	78	52
b3631	178	211	197	120
b3632	200	265	250	157
b3633	322	314	285	192
b3634	111	127	113	86
b3635	144	144	117	64
b3636	66	92	51	21
b3637	3485	4498	3376	2122
b3638	220	267	226	138
b3639	500	547	598	382
b3640	321	460	410	299
b3641	292	304	351	220
b3642	65	38	35	32
b3643	388	392	290	233
b3644	705	845	836	517
b3645	56	20	13	15
b3646	50	19	17	10
b3647	103	52	29	31
b3648	696	939	732	481
b3649	714	856	725	536
b3650	1527	1828	1541	1019
b3651	264	292	306	180
b3652	684	678	579	418
b3653	511	593	526	360
b3654	1048	1236	895	591
b3655	641	701	691	424
b3656	187	114	88	53
b3657	101	25	14	17
b3658	12	2	0	2
b4653	1	2	0	1
b3659	35	5	6	4
b3660	271	296	264	158
b3661	816	1041	791	554
b4555	24	18	20	16
b3662	105	38	38	32
b3663	57	47	41	26
b3664	51	10	16	9
b3665	152	79	81	54
b3666	83	37	15	14
b3667	105	40	35	28
b3668	208	173	120	80
b3669	492	631	523	356
b3670	73	97	114	66
b3671	1004	1068	1304	793
b3672	94	85	111	78
b4616	6	0	0	0
b4618	15	12	14	5
b3673	88	21	18	18
b3674	35	23	13	8
b3675	36	24	41	25
b3676	88	76	88	49
b3677	39	30	31	19
b3678	83	29	20	21
b3679	95	25	14	18
b3680	17	11	9	7
b4556	46	21	24	14
b3683	93	9	7	12
b3684	40	27	19	17
b3685	409	386	370	209
b3686	24	16	11	10
b3687	113	113	112	98
b3688	561	752	662	437
b3689	606	687	593	386
b3690	58	22	24	21
b3691	89	26	34	24
b4478	79	44	48	20
b4477	50	17	15	12
b3693	77	26	29	19
b4479	153	158	117	89
b3696	74	79	43	47
b3697	420	509	470	343
b3698	87	109	88	54
b3699	2472	3141	2480	1765
b3700	184	208	187	120
b3701	788	1099	877	556
b3702	1218	1614	1138	822
b3703	849	1042	731	417
b3704	392	424	365	245
b4557	140	157	134	70
b3705	2871	3337	2805	1691
b3706	639	822	909	628
b3707	2	1	0	0
b3708	69	31	25	14
b3709	54	7	4	7
b3710	62	21	30	14
b3711	88	109	83	61
b3712	209	226	254	173
b3713	257	350	453	271
b3714	1796	2226	1770	1027
b3715	129	142	96	80
b3716	26	26	16	19
b3717	53	40	37	20
b3718	54	20	27	18
b3719	42	21	7	6
b3720	50	12	9	6
b3721	53	7	13	7
b3722	178	107	69	39
b3723	20	6	2	6
b3724	319	413	355	228
b3725	407	588	472	304
b3726	289	296	191	143
b3727	233	258	210	179
b3728	589	643	551	405
b3729	4295	5643	3928	2673
b3730	2853	3821	2860	1829
b3731	2551	3263	2518	1758
b3732	13037	16617	13687	8328
b3733	5723	7137	5638	3915
b3734	18464	23500	19141	12087
b3735	3365	4756	3789	2399
b3736	6373	8955	6801	4169
b3737	4764	6151	4693	2838
b3738	5844	7310	5585	3751
b3739	679	966	721	479
b3740	174	201	149	107
b3741	1408	1772	1294	922
b3742	293	401	288	175
b3743	48	40	35	26
b3744	511	684	1083	624
b3745	416	537	265	178
b3746	582	815	248	197
b3747	368	401	253	162
b3748	237	327	443	332
b3749	203	165	188	139
b3750	235	232	227	135
b3751	400	498	535	349
b3752	306	309	242	170
b3753	79	57	58	44
b3754	98	76	61	43
b3755	377	520	287	220
b3756	376695	348807	471440	244770
b3757	111	137	61	44
b3758	3102995	3516613	3452398	2064347
b3759	1354	1860	1221	865
b3760	177	236	179	109
b3761	4	3	0	0
b4480	115	145	95	67
b3764	838	1080	763	579
b3765	168	141	104	70
b3766	481	701	591	403
b4669	258	428	329	200
b4488	11847	16992	12261	8053
b3769	224	318	224	151
b3770	2704	3941	2731	1742
b3771	3990	5659	4025	2731
b3772	2057	2916	2271	1516
b3773	256	246	219	126
b3774	14696	18033	16767	10457
b3775	128	177	134	94
b3777	48	44	25	23
b3778	493	504	460	291
b3779	609	578	616	350
b3780	1546	1986	1862	1174
b3781	1316	1710	1959	1210
b3783	2697	3483	2935	1806
b3784	680	831	539	306
b3785	478	515	380	223
b3786	402	516	357	260
b3787	439	493	348	232
b3788	351	421	324	217
b3789	300	364	262	152
b3790	157	141	120	74
b3791	393	495	388	235
b3792	273	291	248	161
b4481	165	171	170	93
b3793	149	96	126	73
b3794	97	103	113	71
b3795	366	382	648	419
b3796	509	643	385	287
b3797	286	397	289	183
b3798	50	63	36	17
b3799	0	3	2	0
b3800	69	27	24	25
b3801	92	64	47	48
b4456	77	115	106	48
b3802	800	833	856	606
b3803	727	816	862	535
b3804	305	351	328	224
b3805	788	978	895	552
b3806	2449	3047	2287	1505
b3807	192	241	246	139
b4558	376	470	394	214
b3809	754	907	693	494
b3810	538	630	531	312
b3811	492	565	523	341
b3812	197	274	233	153
b3813	775	918	673	513
b4482	46	23	24	10
b3816	469	539	543	403
b3817	18	14	13	10
b3818	4	5	0	0
b3819	36	20	18	6
b3820	31	13	25	16
b3821	329	360	327	200
b3822	563	575	457	336
b3823	380	471	442	251
b3824	280	297	325	191
b3825	491	551	509	321
b3826	267	302	232	168
b3827	224	192	153	119
b3828	415	458	430	264
b3829	35796	46742	65063	40446
b3830	399	455	750	485
b3831	1338	1653	1706	1099
b3832	146	127	85	65
b3833	788	1085	1052	678
b3834	237	278	311	172
b4707	0	0	0	0
b3835	383	406	284	210
b3836	516	589	504	343
b3838	530	744	568	390
b3839	371	409	371	183
b4483	174	209	106	75
b3842	115	154	85	81
b3843	723	929	948	614
b3844	556	833	810	556
b3845	103	62	68	32
b3846	100	16	15	16
b3847	1241	1643	1779	1042
b3848	195	203	192	137
b3849	384	397	368	227
b3850	208	239	187	126
b3851	345618	317113	436262	224332
b3852	141	189	80	53
b3853	32	34	16	21
b3854	3085156	3510598	3491628	2079829
b3855	336	432	260	197
b3856	50	63	43	39
b3857	133	133	123	88
b3858	383	546	479	336
b3859	309	328	346	272
b3860	844	1112	1057	713
b3861	52	16	12	15
b3862	63	38	44	30
b3863	1377	1601	1520	999
b3864	10	10	2	2
b3865	348	401	365	276
b4457	4621	5816	4946	2751
b3866	390	528	520	322
b3867	785	1011	982	592
b4686	450	655	399	241
b3868	330	331	528	355
b3869	211	194	393	229
b3870	3064	3912	8787	5637
b3871	6907	8676	8093	5040
b3872	42	24	21	16
b3873	44	27	21	15
b3874	39	17	9	8
b3875	23	0	2	1
b3876	42	8	7	4
b3877	88	26	24	19
b3878	110	13	18	15
b3879	31	5	12	7
b3880	103	55	52	52
b3881	84	51	41	36
b3882	38	19	13	11
b3883	89	67	41	33
b3884	206	221	140	110
b3885	304	297	266	162
b3886	203	209	233	148
b3887	473	600	536	317
b3888	533	702	651	461
b3889	4	0	0	1
b3890	32	16	24	9
b3891	359	371	342	244
b3892	75	70	62	48
b3893	77	31	69	61
b3894	239	164	625	422
b3895	188	231	221	166
b3896	28	7	12	7
b3897	53	12	9	3
b3898	52	28	31	13
b3899	75	6	17	7
b3900	12	1	3	2
b3901	7	2	1	3
b3902	66	13	11	14
b3903	67	15	16	13
b3904	86	13	8	12
b3905	54	33	23	21
b3906	77	24	27	19
b3907	94	34	18	17
b3908	48	29	41	29
b3909	76	29	26	28
b3910	298	414	390	256
b3911	877	1086	1027	656
b3912	827	1068	1015	648
b4484	74	59	88	40
b3915	487	614	573	429
b3916	7253	9881	5135	3281
b3917	310	274	217	147
b3918	101	121	65	44
b3919	7004	9451	7161	4547
b3920	103	137	111	66
b3921	89	77	71	48
b3922	254	371	341	221
b3923	392	465	397	262
b3924	490	584	476	322
b3925	464	552	260	200
b3926	209	171	181	121
b3927	58	28	38	21
b3928	732	915	759	456
b3929	1286	1596	1241	864
b3930	212	225	174	126
b3931	1407	1785	1815	1177
b3932	577	705	731	502
b3933	533	627	546	392
b3934	279	357	267	198
b3935	441	434	287	247
b3936	966	1047	948	540
b3937	115	82	51	42
b3938	673	993	744	434
b3939	764	982	508	377
b3940	1606	1966	1377	912
b3941	2518	3567	1592	986
b3942	4345	5294	3346	2258
b3943	129	63	56	37
b3944	38	17	7	8
b3945	1178	1587	108	77
b3946	40	10	24	8
b3947	132	30	26	26
b3949	51	5	13	6
b3950	19	4	2	2
b3951	111	56	55	32
b3952	57	30	23	16
b3953	30	21	15	6
b3954	114	115	90	53
b3955	1172	1632	1443	913
b3956	11819	16075	17153	11358
b3957	613	694	809	520
b3958	1293	1675	2155	1333
b3959	1285	1748	2225	1479
b3960	2271	2964	3678	2284
b4458	8	3	3	10
b3961	918	1064	864	549
b3962	238	207	217	137
b3963	373	467	404	265
b3964	174	215	191	114
b3965	486	544	493	328
b3966	728	804	732	449
b3967	238	272	272	169
b3968	335000	308227	420630	214830
b3969	87	99	72	51
b3970	2784723	3177775	3155532	1876049
b3971	177	266	160	140
b3972	416	564	441	238
b3973	279	326	291	158
b3974	174	230	187	129
b3976	287	310	215	145
b3977	614	818	510	298
b3978	479	665	445	277
b3979	334	507	384	236
b3980	33953	44250	35081	24124
b3981	1683	2101	1628	955
b3982	1612	1911	1536	928
b3983	7739	10538	8866	5434
b3984	11218	14502	11704	7165
b3985	10670	13944	13281	8786
b3986	5882	8353	7095	4409
b3987	22459	29256	23893	15539
b3988	28096	36375	31691	19443
b3989	41	23	45	13
b4691	9	13	14	10
b3990	827	1054	1452	946
b3991	651	811	1002	702
b4407	144	204	298	192
b3992	692	999	1192	746
b3993	676	961	1154	837
b3994	2014	2928	3487	2421
b3995	81	120	206	145
b3996	475	531	562	373
b3997	861	1020	961	689
b3998	305	343	328	211
b3999	227	347	300	139
b4000	1886	2570	2007	1338
b4001	118	144	111	61
b4002	62	65	35	34
b4003	125	76	43	20
b4004	333	327	286	219
b4005	1773	2153	1842	1208
b4006	2408	3095	2531	1688
b4007	325808	300356	403675	209420
b4008	94	120	64	36
b4009	2884325	3282220	3222130	1913883
b4010	179	244	136	119
b4011	30	15	13	10
b4012	64	47	50	31
b4013	1415	2107	1259	819
b4014	4509	6899	9920	6859
b4015	2822	3888	8176	5418
b4016	341	391	799	481
b4017	59	14	32	18
b4018	417	524	344	217
b4019	2796	3487	3642	2481
b4020	178	116	180	116
b4021	539	725	68	40
b4022	272	295	296	140
b4023	94	111	182	102
b4024	3010	4377	8281	5373
b4025	5382	7440	10403	6733
b4026	34	21	31	14
b4027	26	5	4	4
b4028	41	2	2	5
b4029	173	82	115	80
b4620	28	15	18	5
b4030	52	49	89	47
b4031	107	64	76	43
b4032	60	27	37	32
b4033	92	37	48	42
b4034	118	71	152	84
b4035	73	16	49	30
b4036	114	42	79	53
b4037	94	75	61	29
b4038	19	2	2	2
b4039	145	166	208	136
b4040	178	210	265	152
b4041	1505	1935	1838	1155
b4042	264	271	232	159
b4043	669	784	624	374
b4044	181	145	115	80
b4045	78	72	136	63
b4046	219	241	199	124
b4047	7	0	0	0
b4048	10	2	1	0
b4049	316	327	306	160
b4050	23	15	17	16
b4051	627	753	1124	713
b4052	876	1068	856	547
b4053	474	592	425	278
b4054	1043	1354	2182	1250
b4621	2	0	0	0
b4055	51	40	35	25
b4056	756	994	975	701
b4057	280	409	403	226
b4058	1169	1384	1530	1021
b4059	699	851	655	468
b4060	66	76	47	28
b4061	85	40	52	45
b4062	42	36	50	27
b4063	42	39	32	29
b4459	8	6	6	6
b4064	1857	2315	1347	770
b4065	537	624	742	538
b4066	10	3	0	3
b4067	104	28	21	32
b4068	18	2	5	1
b4069	127	28	60	41
b4070	1206	1923	18	13
b4071	419	682	9	7
b4072	425	558	9	5
b4073	562	738	13	11
b4074	189	137	25	23
b4075	45	43	6	9
b4076	33	36	10	10
b4077	850	1046	1050	708
b4078	206	253	229	150
b4079	3109	4564	1975	1176
b4080	75	11	6	12
b4081	96	31	23	19
b4082	58	14	10	15
b4622	7	2	1	1
b4083	90	10	12	8
b4084	77	40	37	30
b4085	32	14	19	11
b4086	54	23	12	13
b4087	56	16	10	9
b4088	62	47	39	29
b4089	139	151	160	93
b4090	59	50	56	29
b4487	85	81	80	43
b4092	120	93	113	53
b4093	54	53	51	60
b4094	42	9	19	10
b4095	105	22	18	27
b4096	82	38	35	22
b4097	58	11	8	13
b4098	55	6	5	5
b4099	84	5	7	13
b4100	48	5	3	9
b4101	36	7	3	7
b4102	54	6	6	4
b4104	67	8	10	7
b4105	53	4	4	4
b4106	71	3	11	4
b4107	56	27	82	38
b4108	184	159	188	114
b4109	136	64	62	49
b4110	64	20	28	5
b4111	986	1276	1562	940
b4703	111	137	129	80
b4112	365	482	446	262
b4113	355	380	409	237
b4114	388	418	455	308
b4115	507	613	131	80
b4116	105	186	124	97
b4117	264	257	110	56
b4118	80	77	49	40
b4119	94	56	55	49
b4120	106	56	57	23
b4121	113	84	91	51
b4122	678	871	246	168
b4123	768	981	215	160
b4124	128	138	135	96
b4125	224	211	175	111
b4126	53	65	102	51
b4127	62	76	88	54
b4128	24	19	2	2
b4559	6	3	2	0
b4129	392	448	526	334
b4130	91	58	23	46
b4131	67	47	26	22
b4132	47	11	6	3
b4133	92	32	20	7
b4654	9	0	0	0
b4134	6	2	1	0
b4135	446	568	606	457
b4136	468	546	557	393
b4137	100	81	118	91
b4138	1990	2285	1887	1044
b4139	698	838	363	217
b4140	102	124	137	90
b4141	254	208	316	190
b4142	2384	3329	4021	2883
b4143	11333	15091	18471	12040
b4144	1159	1381	1181	804
b4145	188	245	203	117
b4146	273	359	287	220
b4147	2276	2958	2427	1644
b4410	23	14	8	10
b4411	77	89	267	139
b4148	104	107	103	61
b4149	110	109	182	103
b4150	108	97	70	60
b4151	422	507	127	64
b4152	274	402	93	59
b4153	1117	1495	337	214
b4154	3979	5195	1184	755
b4155	126	122	82	45
b4156	90	33	33	22
b4157	23	7	6	7
b4158	24	15	13	14
b4159	503	417	430	269
b4160	945	1263	1051	679
b4161	939	1084	914	601
b4162	300	438	387	273
b4163	593	846	402	239
b4164	93	100	75	58
b4165	32	26	13	7
b4670	8	11	9	3
b4166	255	317	297	199
b4167	731	744	777	596
b4168	169	231	200	131
b4169	552	679	567	409
b4170	492	539	471	300
b4171	2174	2774	2375	1625
b4172	1477	1948	1522	923
b4173	2002	2492	2223	1460
b4174	2696	3220	3531	2298
b4175	1228	1581	1615	1160
b4176	23	15	10	7
b4177	8831	11020	7126	4660
b4178	195	244	239	139
b4179	1665	1983	1999	1358
b4180	276	308	317	185
b4181	7	2	0	3
b4182	22	7	8	5
b4183	17	3	2	1
b4184	10	1	3	4
b4185	31	7	2	0
b4186	43	17	19	13
b4187	1279	1874	1949	1399
b4188	97	95	100	62
b4189	67	52	61	43
b4190	152	153	104	81
b4191	164	162	104	54
b4192	103	97	67	50
b4193	69	28	22	17
b4194	20	10	9	9
b4195	21	19	19	9
b4196	80	68	48	40
b4197	114	42	48	35
b4198	54	29	24	19
b4199	22	9	6	5
b4200	4088	5001	4500	2853
b4201	1930	2517	2225	1427
b4202	1501	1932	1804	1102
b4203	3097	3788	3315	1832
b4204	23	20	6	9
b4205	64	46	53	31
b4206	283	338	323	221
b4207	907	1010	1050	643
b4208	1185	1520	1598	959
b4209	69	90	59	63
b4210	65	16	20	23
b4211	131	123	103	73
b4212	73	49	56	27
b4213	387	439	359	236
b4214	401	410	469	301
b4215	14	9	3	2
b4216	28	7	11	8
b4217	53	88	261	160
b4218	213	241	190	134
b4219	366	403	476	261
b4220	387	461	382	232
b4221	991	1089	860	632
b4222	182	204	174	127
b4224	57	77	53	36
b4225	74	54	63	37
b4226	2972	3520	3890	2397
b4227	70	31	40	39
b4485	83	41	32	25
b4230	69	18	28	12
b4231	59	21	33	27
b4232	711	875	981	640
b4233	1334	1653	1406	925
b4234	307	398	430	286
b4235	802	1054	1077	726
b4236	96	98	73	33
b4237	101	91	34	21
b4238	938	1164	402	258
b4239	76	45	60	45
b4240	117	74	97	77
b4241	144	148	136	73
b4702	34	36	30	17
b4242	779	721	739	423
b4243	3816	5381	3204	2155
b4244	6753	9236	5131	3206
b4245	13742	19561	10970	7311
b4246	55	91	39	20
b4248	42	51	51	25
b4249	44	46	36	17
b4251	56	74	68	36
b4252	321	421	207	147
b4253	30	24	40	20
b4254	1355	1546	2268	1368
b4255	928	1173	1130	688
b4256	126	127	154	75
b4257	31	5	8	5
b4258	5588	7084	5701	3727
b4259	261	318	276	181
b4260	2656	3265	2650	1874
b4261	731	809	762	543
b4262	584	651	571	397
b4263	414	517	618	375
b4264	100	84	85	46
b4265	109	62	58	43
b4266	38	20	21	28
b4267	46	13	26	14
b4268	37	12	16	14
b4269	437	508	458	306
b4270	33	54	19	8
b4271	133	136	89	65
b4272	66	56	51	40
b4273	118	120	102	69
b4575	113	87	68	36
b4277	22	7	3	3
b4278	185	148	123	91
b4279	32	21	13	18
b4280	56	46	53	22
b4655	4	4	5	3
b4281	15	19	13	10
b4282	24	10	15	10
b4623	87	73	33	25
b4284	108	125	80	44
b4561	6	9	5	3
b4286	25	13	11	4
b4287	58	50	56	28
b4288	67	21	18	15
b4289	89	25	27	15
b4290	71	43	37	23
b4291	182	50	38	35
b4292	67	32	40	20
b4293	34	27	24	26
b4294	24	33	21	18
b4576	56	52	34	19
b4295	632	786	553	390
b4296	96	39	39	16
b4297	218	150	118	85
b4298	58	53	37	26
b4299	18	3	5	4
b4300	51	28	39	20
b4301	45	28	38	16
b4302	43	33	27	21
b4624	34	47	32	12
b4303	119	101	67	38
b4304	76	32	38	28
b4565	8	4	3	2
b4305	80	60	48	30
b4656	88	112	120	74
b4306	91	23	29	25
b4307	38	21	13	12
b4566	22	12	10	4
b4657	14	10	6	4
b4308	39	12	10	8
b4309	64	29	24	12
b4310	68	45	69	51
b4311	25	4	16	6
b4312	133	104	113	52
b4313	36	19	19	10
b4314	5551	7473	6420	3893
b4315	617	938	791	526
b4316	260	330	292	195
b4317	411	487	481	348
b4318	77	94	60	42
b4319	97	102	106	71
b4320	187	197	203	136
b4321	71	40	27	18
b4322	109	81	61	38
b4323	189	123	91	71
b4324	209	197	150	100
b4325	15	6	0	3
b4326	110	155	80	63
b4327	194	279	160	108
b4328	813	1105	999	702
b4329	150	211	191	132
b4330	234	396	293	212
b4331	49	55	38	27
b4332	78	45	37	21
b4333	54	39	22	14
b4334	361	344	53	38
b4335	1086	1336	234	150
b4336	133	104	115	92
b4337	127	121	70	44
b4339	120	82	81	52
b4340	146	150	164	111
b4341	7	1	1	1
b4342	194	219	196	100
b4486	238	211	141	106
b4345	35	26	17	7
b4346	102	101	77	39
b4347	24	7	11	10
b4625	8	2	3	4
b4348	143	177	128	70
b4349	652	809	645	482
b4350	1115	1255	767	528
b4351	315	334	234	138
b4352	238	262	240	169
b4353	96	86	75	45
b4354	1061	1299	527	374
b4355	155	96	59	58
b4356	81	47	45	31
b4357	40	21	22	13
b4358	55	4	5	13
b4359	375	433	263	173
b4360	136	171	158	102
b4361	214	234	250	169
b4362	141	159	157	108
b4363	33	43	11	7
b4364	95	67	25	13
b4365	5	0	3	2
b4366	24	3	11	5
b4367	50	33	50	45
b4567	40	24	35	20
b4368	44	30	15	7
b4369	108	167	86	47
b4370	296	446	259	151
b4371	365	443	347	249
b4372	194	261	170	136
b4373	184	232	237	138
b4374	218	246	222	139
b4375	1269	1603	1469	937
b4376	231	269	1672	1236
b4568	38	53	192	106
b4377	1264	1895	1364	866
b4378	725	991	652	539
b4379	202	203	25	18
b4380	551	694	47	33
b4381	405	526	510	354
b4382	674	834	968	686
b4383	1398	1824	2121	1365
b4384	846	1241	1173	751
b4385	205	224	145	84
b4386	243	233	192	106
b4387	164	197	142	98
b4388	409	489	404	264
b4389	712	785	615	350
b4390	421	535	471	316
b4391	2341	2740	2888	1913
b4392	538	601	717	464
b4393	203	258	202	137
b4394	256	292	243	167
b4395	404	591	422	309
b4396	903	1161	1055	709
b4397	235	280	242	143
b4398	210	251	178	122
b4399	166	115	122	101
b4400	82	42	37	35
b4401	3349	4692	2619	1609
b4402	201	318	224	128
b4403	82	116	87	68
